model,participant,stimulus_id,stimulus_text,transcription,wer,cer,learner_score,elapsed_s,rtf,duration_s
Whisper tiny,038010_2A_preprocessed,1,Quiero cortarme el pelo,Quiero cortarme el pelo,0.0,0.0,1.0,12.438,7.316,1.7
Whisper tiny,038010_2A_preprocessed,2,El libro está en la mesa,El libro está en la mesa.,0.0,0.0,1.0,0.054,0.032,1.7
Whisper tiny,038010_2A_preprocessed,3,El carro lo tiene Pedro,El carro lo tiene Pedro,0.0,0.0,1.0,0.044,0.023,1.9
Whisper tiny,038010_2A_preprocessed,4,El se ducha cada mañana,El se ducha cada mañana.,0.0,0.0,1.0,0.048,0.027,1.8
Whisper tiny,038010_2A_preprocessed,5,¿Qué dice usted que va a hacer hoy?,¿Qué dice? ¿Sterés que va a hacer hoy?,0.125,0.1212,0.875,0.062,0.025,2.5
Whisper tiny,038010_2A_preprocessed,6,Dudo que sepa manejar muy bien,Dudo que sepa manejar muy bien,0.0,0.0,1.0,0.052,0.021,2.5
Whisper tiny,038010_2A_preprocessed,7,Las calles de esta ciudad son muy anchas,Las calles de esta ciudad son muy anchas,0.0,0.0,1.0,0.067,0.022,3.1
Whisper tiny,038010_2A_preprocessed,8,Puede que llueva mañana todo el día,Buer equipo que llueva mañana todo el día,0.2857,0.2286,0.7143,0.104,0.04,2.6
Whisper tiny,038010_2A_preprocessed,9,Las casas son muy bonitas pero caras,Las casas son muy bonitas pero caras,0.0,0.0,1.0,0.068,0.015,4.5
Whisper tiny,038010_2A_preprocessed,10,Me gustan las películas que acaban bien,Me gustan las películas que acaban bien.,0.0,0.0,1.0,0.071,0.027,2.6
Whisper tiny,038010_2A_preprocessed,11,El chico con el que yo salgo es español,El chico que hago es español.,0.4444,0.3077,0.5556,0.056,0.016,3.5
Whisper tiny,038010_2A_preprocessed,12,Después de cenar me fui a dormir tranquilo,Después de cenar me fui a dormir tranquilo,0.0,0.0,1.0,0.062,0.018,3.5
Whisper tiny,038010_2A_preprocessed,13,Quiero una casa en la que vivan mis animales,Quiero una casa en la que vivan animales.,0.1111,0.0909,0.8889,0.074,0.02,3.8
Whisper tiny,038010_2A_preprocessed,14,A nosotros nos fascinan las fiestas grandiosas,a nosotros,0.7143,0.7826,0.2857,0.053,0.038,1.4
Whisper tiny,038010_2A_preprocessed,15,Ella sólo bebe cerveza y no come nada,Ella sólo bebe cerveza y no come nada.,0.0,0.0,1.0,0.061,0.012,5.1
Whisper tiny,038010_2A_preprocessed,16,Me gustaría que el precio de las casas bajara,Mi historia,1.0,0.8444,0.0,0.041,0.041,1.0
Whisper tiny,038010_2A_preprocessed,17,Cruza a la derecha y después sigue todo recto,por sal a la derecha y después sigue recto.,0.3333,0.2222,0.6667,0.059,0.013,4.7
Whisper tiny,038010_2A_preprocessed,18,Ella ha terminado de pintar su apartamento,Ella termina pintar su apartamento,0.4286,0.1905,0.5714,0.051,0.01,5.1
Whisper tiny,038010_2A_preprocessed,19,Me gustaría que empezara a hacer más calor pronto,"El niño, a que se murió al gato, triste.",1.0,0.6735,0.0,0.066,0.01,6.8
Whisper tiny,038010_2A_preprocessed,20,El niño al que se le murió el gato está triste,"Mi amiga, miya, cuidado los niños",1.0,0.7391,0.0,0.057,0.011,5.4
Whisper tiny,038010_2A_preprocessed,21,Una amiga mía cuida a los niños de mi vecino,"El gato, que era negro.",1.0,0.7727,0.0,0.053,0.02,2.6
Whisper tiny,038010_2A_preprocessed,22,El gato que era negro fue perseguido por el perro,Antes de poder salir tiene que limbirse el corto.,0.9,0.7347,0.1,0.063,0.012,5.4
Whisper tiny,038010_2A_preprocessed,23,Antes de poder salir él tiene que limpiar su cuarto,La cantidad de personas que fuman.,0.9,0.7647,0.1,0.052,0.017,3.0
Whisper tiny,038010_2A_preprocessed,24,La cantidad de personas que fuman ha disminuido,después de llegar a casa,0.875,0.766,0.125,0.047,0.017,2.7
Whisper tiny,038010_2A_preprocessed,25,Después de llegar a casa del trabajo tomé la cena,"en la bron poriciera, heráfamos.",1.0,0.7959,0.0,0.068,0.019,3.6
Whisper tiny,038010_2A_preprocessed,26,El ladrón al que atrapó la policía era famoso,le pidi un amigo que hay una latra.,1.0,0.7111,0.0,0.07,0.018,3.9
Whisper tiny,038010_2A_preprocessed,27,Le pedí a un amigo que me ayudara con la tarea,examen... no... tan difícil,1.0,0.7826,0.0,0.051,0.008,6.4
Whisper tiny,038010_2A_preprocessed,28,El examen no fue tan difícil como me habían dicho,"a mi abléques, está...",1.0,0.8571,0.0,0.052,0.026,2.0
Whisper tiny,038010_2A_preprocessed,29,¿Serías tan amable de darme el libro que está en la mesa?,¿Vel libro que está en la mesa?,0.5,0.4909,0.5,0.056,0.029,1.9
Whisper tiny,038010_2A_preprocessed,30,Hay mucha gente que no toma nada para el desayuno,Hay mucha gente que no toma nada para el desayuno,0.0,0.0,1.0,0.068,0.021,3.3
Whisper tiny,038011_1A_preprocessed,1,Quiero cortarme el pelo,Quiero cortarme el pelo,0.0,0.0,1.0,0.047,0.023,2.0
Whisper tiny,038011_1A_preprocessed,2,El libro está en la mesa,El libro está en la mesa,0.0,0.0,1.0,0.058,0.036,1.6
Whisper tiny,038011_1A_preprocessed,3,El carro lo tiene Pedro,El carro no tiene Pedro,0.2,0.0435,0.8,0.047,0.026,1.8
Whisper tiny,038011_1A_preprocessed,4,El se ducha cada mañana,El se ducha cada mañana.,0.0,0.0,1.0,0.053,0.021,2.5
Whisper tiny,038011_1A_preprocessed,5,¿Qué dice usted que va a hacer hoy?,¿Qué dice usted que va a hacer hoy?,0.0,0.0,1.0,0.062,0.028,2.2
Whisper tiny,038011_1A_preprocessed,6,Dudo que sepa manejar muy bien,Dudo que se manejar bien,0.3333,0.2,0.6667,0.054,0.017,3.1
Whisper tiny,038011_1A_preprocessed,7,Las calles de esta ciudad son muy anchas,las que hay ensealada muchas anias,0.875,0.6,0.125,0.06,0.013,4.7
Whisper tiny,038011_1A_preprocessed,8,Puede que llueva mañana todo el día,por el que llevan mañana todo el día.,0.4286,0.1714,0.5714,0.067,0.029,2.3
Whisper tiny,038011_1A_preprocessed,9,Las casas son muy bonitas pero caras,Las casas son muy bonitas pero caras.,0.0,0.0,1.0,0.056,0.016,3.5
Whisper tiny,038011_1A_preprocessed,10,Me gustan las películas que acaban bien,Me gustan las películas que acaban bien.,0.0,0.0,1.0,0.059,0.026,2.3
Whisper tiny,038011_1A_preprocessed,11,El chico con el que yo salgo es español,El chico con el vivo salgo es español,0.2222,0.1282,0.7778,0.072,0.014,5.0
Whisper tiny,038011_1A_preprocessed,12,Después de cenar me fui a dormir tranquilo,Después de cenar me fui a poner tranquilo,0.125,0.0952,0.875,0.07,0.014,5.1
Whisper tiny,038011_1A_preprocessed,13,Quiero una casa en la que vivan mis animales,Quiero una casa que vivan a mis animales.,0.3333,0.1818,0.6667,0.07,0.02,3.5
Whisper tiny,038011_1A_preprocessed,14,A nosotros nos fascinan las fiestas grandiosas,a nosotros que las fiestas,0.4286,0.5,0.5714,0.064,0.026,2.5
Whisper tiny,038011_1A_preprocessed,15,Ella sólo bebe cerveza y no come nada,Ella sólo se vea y con lo,0.625,0.4324,0.375,0.062,0.016,3.9
Whisper tiny,038011_1A_preprocessed,16,Me gustaría que el precio de las casas bajara,Me gustaría los precios de... ... los caras bajada.,0.6667,0.2222,0.3333,0.093,0.015,6.3
Whisper tiny,038011_1A_preprocessed,17,Cruza a la derecha y después sigue todo recto,Cruza a la derecha y sigue Terrecho,0.3333,0.2889,0.6667,0.073,0.011,6.4
Whisper tiny,038011_1A_preprocessed,18,Ella ha terminado de pintar su apartamento,Ella ha terminado lo es un apartamento,0.4286,0.2381,0.5714,0.069,0.012,5.6
Whisper tiny,038011_1A_preprocessed,19,Me gustaría que empezara a hacer más calor pronto,Me gustaría la sacer pronto,0.6667,0.4898,0.3333,0.062,0.01,6.4
Whisper tiny,038011_1A_preprocessed,20,El niño al que se le murió el gato está triste,El niño que se murió el gato está triste,0.1818,0.1304,0.8182,0.071,0.018,4.0
Whisper tiny,038011_1A_preprocessed,21,Una amiga mía cuida a los niños de mi vecino,Una amiga bien cuida a los niños a mi vecino,0.2,0.1364,0.8,0.076,0.016,4.6
Whisper tiny,038011_1A_preprocessed,22,El gato que era negro fue perseguido por el perro,El gato era negro y el perro,0.4,0.449,0.6,0.072,0.011,6.7
Whisper tiny,038011_1A_preprocessed,23,Antes de poder salir él tiene que limpiar su cuarto,antes de que salir puede cuerto,0.7,0.5098,0.3,0.066,0.008,8.3
Whisper tiny,038011_1A_preprocessed,24,La cantidad de personas que fuman ha disminuido,la cantidad de las personas fuman que me saludo.,0.625,0.383,0.375,0.064,0.015,4.4
Whisper tiny,038011_1A_preprocessed,25,Después de llegar a casa del trabajo tomé la cena,Después de llegar a la casa fui a la cena,0.4,0.3469,0.6,0.057,0.01,5.7
Whisper tiny,038011_1A_preprocessed,26,El ladrón al que atrapó la policía era famoso,perdón al apólicía era en famoso.,0.7778,0.4889,0.2222,0.056,0.008,7.0
Whisper tiny,038011_1A_preprocessed,27,Le pedí a un amigo que me ayudara con la tarea,Le pedí a un amigo que ayudara con mi tarea,0.1818,0.1087,0.8182,0.058,0.013,4.5
Whisper tiny,038011_1A_preprocessed,28,El examen no fue tan difícil como me habían dicho,El examen no fue,0.6,0.6735,0.4,0.049,0.025,2.0
Whisper tiny,038011_1A_preprocessed,29,¿Serías tan amable de darme el libro que está en la mesa?,¿Serías amable que lo están?,0.75,0.5636,0.25,0.071,0.024,3.0
Whisper tiny,038011_1A_preprocessed,30,Hay mucha gente que no toma nada para el desayuno,Hay mucha gente que no toma nada al desayuno,0.2,0.102,0.8,0.07,0.024,2.9
Whisper tiny,038012_2A_preprocessed,1,Quiero cortarme el pelo,Quiero cortarme el pelo,0.0,0.0,1.0,0.057,0.044,1.3
Whisper tiny,038012_2A_preprocessed,2,El libro está en la mesa,El libro está en la mesa,0.0,0.0,1.0,0.059,0.035,1.7
Whisper tiny,038012_2A_preprocessed,3,El carro lo tiene Pedro,El carro lo tiene Pedro,0.0,0.0,1.0,0.06,0.037,1.6
Whisper tiny,038012_2A_preprocessed,4,El se ducha cada mañana,El se ducha cada mañana,0.0,0.0,1.0,0.067,0.037,1.8
Whisper tiny,038012_2A_preprocessed,5,¿Qué dice usted que va a hacer hoy?,¿Qué dice usted que va a hacer hoy?,0.0,0.0,1.0,0.085,0.047,1.8
Whisper tiny,038012_2A_preprocessed,6,Dudo que sepa manejar muy bien,Turos teca la sal también.,1.0,0.6,0.0,0.062,0.016,3.9
Whisper tiny,038012_2A_preprocessed,7,Las calles de esta ciudad son muy anchas,La caeos se sente... Los caesos...,1.0,0.625,0.0,0.082,0.013,6.2
Whisper tiny,038012_2A_preprocessed,8,Puede que llueva mañana todo el día,"Pablo, ni aquí, seguía, ya que ha habido.",1.0,0.8286,0.0,0.094,0.041,2.3
Whisper tiny,038012_2A_preprocessed,9,Las casas son muy bonitas pero caras,Casas son bonitas pero caras,0.2857,0.2222,0.7143,0.066,0.028,2.3
Whisper tiny,038012_2A_preprocessed,10,Me gustan las películas que acaban bien,"Me gusta las películas, pecar bien",0.4286,0.2051,0.5714,0.067,0.022,3.1
Whisper tiny,038012_2A_preprocessed,11,El chico con el que yo salgo es español,El chico es un vol<|ko|> alyo es español,0.5556,0.3077,0.4444,0.086,0.016,5.3
Whisper tiny,038012_2A_preprocessed,12,Después de cenar me fui a dormir tranquilo,Después de llegar dormir,0.625,0.5238,0.375,0.053,0.008,6.5
Whisper tiny,038012_2A_preprocessed,13,Quiero una casa en la que vivan mis animales,Quiero la casa esta a mi animales,0.6667,0.3182,0.3333,0.067,0.016,4.2
Whisper tiny,038012_2A_preprocessed,14,A nosotros nos fascinan las fiestas grandiosas,a nosotros nos fascinaba a los nosotros,0.5714,0.3913,0.4286,0.074,0.016,4.8
Whisper tiny,038012_2A_preprocessed,15,Ella sólo bebe cerveza y no come nada,que se ha preso en los de la vida,1.0,0.7297,0.0,0.066,0.01,6.5
Whisper tiny,038012_2A_preprocessed,16,Me gustaría que el precio de las casas bajara,Me gustaría que el ofvés a los restas,0.5556,0.4222,0.4444,0.089,0.014,6.4
Whisper tiny,038012_2A_preprocessed,17,Cruza a la derecha y después sigue todo recto,Cruza a la derecha,0.5556,0.6,0.4444,0.092,0.016,5.7
Whisper tiny,038012_2A_preprocessed,18,Ella ha terminado de pintar su apartamento,Ella ha terminado de espas lo que ha terminado,0.7143,0.4048,0.2857,0.082,0.014,5.8
Whisper tiny,038012_2A_preprocessed,19,Me gustaría que empezara a hacer más calor pronto,Me gustaría hacer pingatas esta... ...ostaria pronto.,0.6667,0.4898,0.3333,0.089,0.013,6.6
Whisper tiny,038012_2A_preprocessed,20,El niño al que se le murió el gato está triste,"El niño el niño se rio cato, es tan muy triste",0.6364,0.4565,0.3636,0.086,0.015,5.6
Whisper tiny,038012_2A_preprocessed,21,Una amiga mía cuida a los niños de mi vecino,"Una amiga, mi chalo, mi misos y no",0.8,0.4773,0.2,0.075,0.015,5.1
Whisper tiny,038012_2A_preprocessed,22,El gato que era negro fue perseguido por el perro,El gato señan en el negro y el la perro.,0.7,0.5306,0.3,0.068,0.01,6.5
Whisper tiny,038012_2A_preprocessed,23,Antes de poder salir él tiene que limpiar su cuarto,que se limpia a tus cuartos,1.0,0.6667,0.0,0.071,0.026,2.7
Whisper tiny,038012_2A_preprocessed,24,La cantidad de personas que fuman ha disminuido,La cantidad de las asifos de las personas,0.625,0.5319,0.375,0.073,0.013,5.5
Whisper tiny,038012_2A_preprocessed,25,Después de llegar a casa del trabajo tomé la cena,"Después de llegar a casa, voy a la cena",0.3,0.2857,0.7,0.072,0.013,5.6
Whisper tiny,038012_2A_preprocessed,26,El ladrón al que atrapó la policía era famoso,y se atrapó el sol.,0.8889,0.7111,0.1111,0.064,0.038,1.7
Whisper tiny,038012_2A_preprocessed,27,Le pedí a un amigo que me ayudara con la tarea,Le pedí una un amigo,0.6364,0.6522,0.3636,0.06,0.013,4.6
Whisper tiny,038012_2A_preprocessed,28,El examen no fue tan difícil como me habían dicho,Pero ya es un notifísil para la derecha,1.0,0.6735,0.0,0.075,0.016,4.8
Whisper tiny,038012_2A_preprocessed,29,¿Serías tan amable de darme el libro que está en la mesa?,¿Qué es la mesa? ¿Qué es el libro? ¿Qué es la mesa?,0.75,0.4545,0.25,0.103,0.013,8.0
Whisper tiny,038012_2A_preprocessed,30,Hay mucha gente que no toma nada para el desayuno,a mucha ejemplo pero,0.9,0.6939,0.1,0.065,0.008,8.1
Whisper tiny,038015_1A_preprocessed,1,Quiero cortarme el pelo,Quiero cortarme el pelo,0.0,0.0,1.0,0.061,0.038,1.6
Whisper tiny,038015_1A_preprocessed,2,El libro está en la mesa,El libro está en la mesa,0.0,0.0,1.0,0.059,0.037,1.6
Whisper tiny,038015_1A_preprocessed,3,El carro lo tiene Pedro,El carro no tiene Pedro,0.2,0.0435,0.8,0.056,0.026,2.2
Whisper tiny,038015_1A_preprocessed,4,El se ducha cada mañana,El se ducha cada mañana.,0.0,0.0,1.0,0.061,0.038,1.6
Whisper tiny,038015_1A_preprocessed,5,¿Qué dice usted que va a hacer hoy?,¿Qué dice usted es que va a hacer hoy?,0.125,0.0909,0.875,0.099,0.047,2.1
Whisper tiny,038015_1A_preprocessed,6,Dudo que sepa manejar muy bien,Dudo que sepa manejar bien,0.1667,0.1333,0.8333,0.069,0.036,1.9
Whisper tiny,038015_1A_preprocessed,7,Las calles de esta ciudad son muy anchas,Las calles de esta ciudad son muy anchas,0.0,0.0,1.0,0.058,0.017,3.4
Whisper tiny,038015_1A_preprocessed,8,Puede que llueva mañana todo el día,Ure que lleva mañana todo el día.,0.2857,0.1143,0.7143,0.051,0.025,2.0
Whisper tiny,038015_1A_preprocessed,9,Las casas son muy bonitas pero caras,Las casas son muy bonitos pero caras.,0.1429,0.0278,0.8571,0.067,0.025,2.7
Whisper tiny,038015_1A_preprocessed,10,Me gustan las películas que acaban bien,Me gustan las películas que acaban bien.,0.0,0.0,1.0,0.072,0.029,2.5
Whisper tiny,038015_1A_preprocessed,11,El chico con el que yo salgo es español,El chico con esto algo es español.,0.4444,0.2051,0.5556,0.066,0.024,2.7
Whisper tiny,038015_1A_preprocessed,12,Después de cenar me fui a dormir tranquilo,Después de cenar me fui a dormir tranquilo,0.0,0.0,1.0,0.069,0.02,3.4
Whisper tiny,038015_1A_preprocessed,13,Quiero una casa en la que vivan mis animales,Quiero una casa en la que vivan mis animales.,0.0,0.0,1.0,0.073,0.024,3.0
Whisper tiny,038015_1A_preprocessed,14,A nosotros nos fascinan las fiestas grandiosas,a nosotros nos fascinan las fiestas grandios,0.1429,0.0435,0.8571,0.072,0.023,3.2
Whisper tiny,038015_1A_preprocessed,15,Ella sólo bebe cerveza y no come nada,Ella sólo bebe cerveza y no come nada.,0.0,0.0,1.0,0.067,0.02,3.4
Whisper tiny,038015_1A_preprocessed,16,Me gustaría que el precio de las casas bajara,Me gustaría las precias casas,0.6667,0.4222,0.3333,0.064,0.028,2.3
Whisper tiny,038015_1A_preprocessed,17,Cruza a la derecha y después sigue todo recto,Cruza a la derecha y sigue el todo recto.,0.2222,0.2444,0.7778,0.072,0.023,3.1
Whisper tiny,038015_1A_preprocessed,18,Ella ha terminado de pintar su apartamento,Ella ha terminado de pintar su apartamento,0.0,0.0,1.0,0.054,0.015,3.5
Whisper tiny,038015_1A_preprocessed,19,Me gustaría que empezara a hacer más calor pronto,Me gustaría hacer más calor pronto.,0.3333,0.3061,0.6667,0.065,0.016,4.1
Whisper tiny,038015_1A_preprocessed,20,El niño al que se le murió el gato está triste,El niño que se murió el gato y está triste.,0.2727,0.1739,0.7273,0.078,0.016,5.0
Whisper tiny,038015_1A_preprocessed,21,Una amiga mía cuida a los niños de mi vecino,Una amiga mía cuida a los niños,0.3,0.2955,0.7,0.066,0.025,2.7
Whisper tiny,038015_1A_preprocessed,22,El gato que era negro fue perseguido por el perro,El gato negro fue era perseguido por el perro.,0.3,0.2449,0.7,0.078,0.024,3.2
Whisper tiny,038015_1A_preprocessed,23,Antes de poder salir él tiene que limpiar su cuarto,"Antes de ti en ese día, me pia recuerdo",0.8,0.5294,0.2,0.076,0.017,4.4
Whisper tiny,038015_1A_preprocessed,24,La cantidad de personas que fuman ha disminuido,La cantidad de personas que fuman ha disminuido,0.0,0.0,1.0,0.076,0.015,4.9
Whisper tiny,038015_1A_preprocessed,25,Después de llegar a casa del trabajo tomé la cena,Después de llegar a la casa del trabajo tomé la cena,0.1,0.0612,0.9,0.073,0.014,5.2
Whisper tiny,038015_1A_preprocessed,26,El ladrón al que atrapó la policía era famoso,el ladrón que atrapó con la policidad era famoso.,0.3333,0.2222,0.6667,0.065,0.013,5.1
Whisper tiny,038015_1A_preprocessed,27,Le pedí a un amigo que me ayudara con la tarea,Le pedí a un amigo que me ayudan la tarea.,0.1818,0.1087,0.8182,0.075,0.016,4.6
Whisper tiny,038015_1A_preprocessed,28,El examen no fue tan difícil como me habían dicho,El prevo no fue difícil como me han dicho,0.3,0.2653,0.7,0.071,0.018,3.9
Whisper tiny,038015_1A_preprocessed,29,¿Serías tan amable de darme el libro que está en la mesa?,¿Serías tan amable de darme el libro en la mesa?,0.1667,0.1636,0.8333,0.082,0.014,5.7
Whisper tiny,038015_1A_preprocessed,30,Hay mucha gente que no toma nada para el desayuno,Hay mucha gente que no toma nada para el desayuno,0.0,0.0,1.0,0.075,0.021,3.5
Whisper base,038010_2A_preprocessed,1,Quiero cortarme el pelo,Quiero cortarme el pelo,0.0,0.0,1.0,13.608,8.005,1.7
Whisper base,038010_2A_preprocessed,2,El libro está en la mesa,El libro está en la mesa.,0.0,0.0,1.0,0.085,0.05,1.7
Whisper base,038010_2A_preprocessed,3,El carro lo tiene Pedro,El carro lo tiene Pedro,0.0,0.0,1.0,0.075,0.04,1.9
Whisper base,038010_2A_preprocessed,4,El se ducha cada mañana,El se ducha cada mañana.,0.0,0.0,1.0,0.083,0.046,1.8
Whisper base,038010_2A_preprocessed,5,¿Qué dice usted que va a hacer hoy?,¿Qué dice usted que va a hacer hoy?,0.0,0.0,1.0,0.09,0.036,2.5
Whisper base,038010_2A_preprocessed,6,Dudo que sepa manejar muy bien,Dudo que sepa manejar muy bien,0.0,0.0,1.0,0.087,0.035,2.5
Whisper base,038010_2A_preprocessed,7,Las calles de esta ciudad son muy anchas,Las calles de esta ciudad son muy anchas,0.0,0.0,1.0,0.095,0.031,3.1
Whisper base,038010_2A_preprocessed,8,Puede que llueva mañana todo el día,Puede que llueva mañana todo el día,0.0,0.0,1.0,0.094,0.036,2.6
Whisper base,038010_2A_preprocessed,9,Las casas son muy bonitas pero caras,Las casas son muy bonitas pero caras,0.0,0.0,1.0,0.102,0.023,4.5
Whisper base,038010_2A_preprocessed,10,Me gustan las películas que acaban bien,Me gustan las películas que acaban bien.,0.0,0.0,1.0,0.112,0.043,2.6
Whisper base,038010_2A_preprocessed,11,El chico con el que yo salgo es español,El chico que algo es español.,0.4444,0.2821,0.5556,0.112,0.032,3.5
Whisper base,038010_2A_preprocessed,12,Después de cenar me fui a dormir tranquilo,Después de cenar me fui a dormir tranquilo,0.0,0.0,1.0,0.107,0.031,3.5
Whisper base,038010_2A_preprocessed,13,Quiero una casa en la que vivan mis animales,Quiero una casa en la que vivan mis animales,0.0,0.0,1.0,0.11,0.029,3.8
Whisper base,038010_2A_preprocessed,14,A nosotros nos fascinan las fiestas grandiosas,a nosotros,0.7143,0.7826,0.2857,0.088,0.063,1.4
Whisper base,038010_2A_preprocessed,15,Ella sólo bebe cerveza y no come nada,Ella sólo bebe cerveza y no come nada,0.0,0.0,1.0,0.124,0.024,5.1
Whisper base,038010_2A_preprocessed,16,Me gustaría que el precio de las casas bajara,Me gustaría...,0.7778,0.7556,0.2222,0.092,0.092,1.0
Whisper base,038010_2A_preprocessed,17,Cruza a la derecha y después sigue todo recto,Pursa a la derecha y después siga recto,0.3333,0.2444,0.6667,0.116,0.025,4.7
Whisper base,038010_2A_preprocessed,18,Ella ha terminado de pintar su apartamento,Ella terminara pintar su apartamento,0.4286,0.1905,0.5714,0.097,0.019,5.1
Whisper base,038010_2A_preprocessed,19,Me gustaría que empezara a hacer más calor pronto,El niño que se morió al gato triste.,0.8889,0.6939,0.1111,0.12,0.018,6.8
Whisper base,038010_2A_preprocessed,20,El niño al que se le murió el gato está triste,"Amiga, mía cuidado los niños.",1.0,0.7609,0.0,0.123,0.023,5.4
Whisper base,038010_2A_preprocessed,21,Una amiga mía cuida a los niños de mi vecino,El gato quiera negro,1.0,0.75,0.0,0.095,0.037,2.6
Whisper base,038010_2A_preprocessed,22,El gato que era negro fue perseguido por el perro,Antes de poder salir tiene que limpiar su corto.,1.0,0.7551,0.0,0.123,0.023,5.4
Whisper base,038010_2A_preprocessed,23,Antes de poder salir él tiene que limpiar su cuarto,la cantidad de personas que fluman,0.9,0.7647,0.1,0.104,0.035,3.0
Whisper base,038010_2A_preprocessed,24,La cantidad de personas que fuman ha disminuido,después de ella he agarra casa,0.875,0.7234,0.125,0.102,0.038,2.7
Whisper base,038010_2A_preprocessed,25,Después de llegar a casa del trabajo tomé la cena,en la dron policía era famoso.,1.0,0.7755,0.0,0.097,0.027,3.6
Whisper base,038010_2A_preprocessed,26,El ladrón al que atrapó la policía era famoso,el video es un amigo que yo no lo atro.,1.0,0.6667,0.0,0.126,0.032,3.9
Whisper base,038010_2A_preprocessed,27,Le pedí a un amigo que me ayudara con la tarea,¿Examen? No... Tan difícil?,1.0,0.7826,0.0,0.131,0.021,6.4
Whisper base,038010_2A_preprocessed,28,El examen no fue tan difícil como me habían dicho,a mi ableque es que...,1.0,0.8367,0.0,0.105,0.053,2.0
Whisper base,038010_2A_preprocessed,29,¿Serías tan amable de darme el libro que está en la mesa?,¿Verdimro que está en la mesa?,0.5833,0.5273,0.4167,0.127,0.067,1.9
Whisper base,038010_2A_preprocessed,30,Hay mucha gente que no toma nada para el desayuno,Hay mucha gente que no toma nada para el desayuno,0.0,0.0,1.0,0.159,0.048,3.3
Whisper base,038011_1A_preprocessed,1,Quiero cortarme el pelo,Quiero cortarme el pelo,0.0,0.0,1.0,0.097,0.049,2.0
Whisper base,038011_1A_preprocessed,2,El libro está en la mesa,El libro está en la mesa.,0.0,0.0,1.0,0.105,0.066,1.6
Whisper base,038011_1A_preprocessed,3,El carro lo tiene Pedro,El carro no tiene Pedro,0.2,0.0435,0.8,0.083,0.046,1.8
Whisper base,038011_1A_preprocessed,4,El se ducha cada mañana,El se ducha cada mañana,0.0,0.0,1.0,0.098,0.039,2.5
Whisper base,038011_1A_preprocessed,5,¿Qué dice usted que va a hacer hoy?,¿Qué dice usted que va a hacer hoy?,0.0,0.0,1.0,0.11,0.05,2.2
Whisper base,038011_1A_preprocessed,6,Dudo que sepa manejar muy bien,Tu te lo que se manejar bien,0.8333,0.4,0.1667,0.104,0.034,3.1
Whisper base,038011_1A_preprocessed,7,Las calles de esta ciudad son muy anchas,"Las calles en la ciudad, muchas años.",0.625,0.4,0.375,0.11,0.023,4.7
Whisper base,038011_1A_preprocessed,8,Puede que llueva mañana todo el día,Puede que llueva mañana todo el día,0.0,0.0,1.0,0.097,0.042,2.3
Whisper base,038011_1A_preprocessed,9,Las casas son muy bonitas pero caras,Las casas son muy bonitas pero caras,0.0,0.0,1.0,0.094,0.027,3.5
Whisper base,038011_1A_preprocessed,10,Me gustan las películas que acaban bien,Me gusta las películas que acaban bien.,0.1429,0.0256,0.8571,0.102,0.045,2.3
Whisper base,038011_1A_preprocessed,11,El chico con el que yo salgo es español,El chico connectivo salgo está bien,0.6667,0.4103,0.3333,0.1,0.02,5.0
Whisper base,038011_1A_preprocessed,12,Después de cenar me fui a dormir tranquilo,Después de cenar me fui a... poner tranquilo,0.125,0.0952,0.875,0.099,0.019,5.1
Whisper base,038011_1A_preprocessed,13,Quiero una casa en la que vivan mis animales,Quiero una casa que vivan mis animales,0.2222,0.1364,0.7778,0.085,0.024,3.5
Whisper base,038011_1A_preprocessed,14,A nosotros nos fascinan las fiestas grandiosas,a nosotros quedas fiestas,0.5714,0.5435,0.4286,0.084,0.034,2.5
Whisper base,038011_1A_preprocessed,15,Ella sólo bebe cerveza y no come nada,Ella sólo se vea esa y como...,0.75,0.4324,0.25,0.099,0.025,3.9
Whisper base,038011_1A_preprocessed,16,Me gustaría que el precio de las casas bajara,Me gustaría los precios de los casas bajara,0.4444,0.1778,0.5556,0.109,0.017,6.3
Whisper base,038011_1A_preprocessed,17,Cruza a la derecha y después sigue todo recto,Cruza a la derecha y sigue derecha,0.3333,0.3111,0.6667,0.102,0.016,6.4
Whisper base,038011_1A_preprocessed,18,Ella ha terminado de pintar su apartamento,Ella ha terminado los apartamientos.,0.5714,0.3095,0.4286,0.105,0.019,5.6
Whisper base,038011_1A_preprocessed,19,Me gustaría que empezara a hacer más calor pronto,Me gustaría las hacer pronto.,0.5556,0.4694,0.4444,0.092,0.014,6.4
Whisper base,038011_1A_preprocessed,20,El niño al que se le murió el gato está triste,al niño que se murió el gato está triste,0.2727,0.1522,0.7273,0.107,0.027,4.0
Whisper base,038011_1A_preprocessed,21,Una amiga mía cuida a los niños de mi vecino,Una amiga mía cuida a los niños a mi vecino.,0.1,0.0455,0.9,0.121,0.026,4.6
Whisper base,038011_1A_preprocessed,22,El gato que era negro fue perseguido por el perro,El gato era negro y el perro,0.4,0.449,0.6,0.099,0.015,6.7
Whisper base,038011_1A_preprocessed,23,Antes de poder salir él tiene que limpiar su cuarto,Antes de que salir puede cuarto,0.6,0.4902,0.4,0.096,0.012,8.3
Whisper base,038011_1A_preprocessed,24,La cantidad de personas que fuman ha disminuido,con la cantidad de las personas fuman que me he salido.,0.75,0.5106,0.25,0.119,0.027,4.4
Whisper base,038011_1A_preprocessed,25,Después de llegar a casa del trabajo tomé la cena,Después de llegar a la casa fui a la cena.,0.4,0.3469,0.6,0.106,0.019,5.7
Whisper base,038011_1A_preprocessed,26,El ladrón al que atrapó la policía era famoso,perdón a la policía era famosa,0.6667,0.4222,0.3333,0.091,0.013,7.0
Whisper base,038011_1A_preprocessed,27,Le pedí a un amigo que me ayudara con la tarea,Le pedí a un amigo que ayudara con la tarea,0.0909,0.0652,0.9091,0.101,0.023,4.5
Whisper base,038011_1A_preprocessed,28,El examen no fue tan difícil como me habían dicho,El examen no fue...,0.6,0.6735,0.4,0.089,0.045,2.0
Whisper base,038011_1A_preprocessed,29,¿Serías tan amable de darme el libro que está en la mesa?,¿Serías amable de que lo están?,0.6667,0.5091,0.3333,0.101,0.034,3.0
Whisper base,038011_1A_preprocessed,30,Hay mucha gente que no toma nada para el desayuno,Hay mucha gente que no toma nada para el desayuno,0.0,0.0,1.0,0.097,0.033,2.9
Whisper base,038012_2A_preprocessed,1,Quiero cortarme el pelo,Quiero cortarme,0.5,0.3478,0.5,0.08,0.061,1.3
Whisper base,038012_2A_preprocessed,2,El libro está en la mesa,El libro está en la mesa.,0.0,0.0,1.0,0.086,0.051,1.7
Whisper base,038012_2A_preprocessed,3,El carro lo tiene Pedro,El carro lo tiene Pedro,0.0,0.0,1.0,0.078,0.048,1.6
Whisper base,038012_2A_preprocessed,4,El se ducha cada mañana,El se ducha cada mañana,0.0,0.0,1.0,0.079,0.044,1.8
Whisper base,038012_2A_preprocessed,5,¿Qué dice usted que va a hacer hoy?,¿Qué dice usted que pasa a lo de hoy?,0.375,0.2424,0.625,0.093,0.052,1.8
Whisper base,038012_2A_preprocessed,6,Dudo que sepa manejar muy bien,Dudo se cae la sal también.,0.8333,0.5333,0.1667,0.099,0.025,3.9
Whisper base,038012_2A_preprocessed,7,Las calles de esta ciudad son muy anchas,La caos se ente los calles.,1.0,0.6,0.0,0.105,0.017,6.2
Whisper base,038012_2A_preprocessed,8,Puede que llueva mañana todo el día,Pueblo y aquí se que ya cae,1.0,0.7429,0.0,0.105,0.046,2.3
Whisper base,038012_2A_preprocessed,9,Las casas son muy bonitas pero caras,Las casas son muy bonitas pero caras,0.0,0.0,1.0,0.101,0.044,2.3
Whisper base,038012_2A_preprocessed,10,Me gustan las películas que acaban bien,Me gusta las películas que acaban bien.,0.1429,0.0256,0.8571,0.104,0.034,3.1
Whisper base,038012_2A_preprocessed,11,El chico con el que yo salgo es español,"El chico es un pornalio, es español",0.5556,0.2821,0.4444,0.105,0.02,5.3
Whisper base,038012_2A_preprocessed,12,Después de cenar me fui a dormir tranquilo,Después llegué a dormir,0.625,0.5476,0.375,0.077,0.012,6.5
Whisper base,038012_2A_preprocessed,13,Quiero una casa en la que vivan mis animales,Quiero la casa esta a mi animal es.,0.7778,0.3409,0.2222,0.093,0.022,4.2
Whisper base,038012_2A_preprocessed,14,A nosotros nos fascinan las fiestas grandiosas,a los otros afascados en la base a los nosotros.,1.0,0.6087,0.0,0.108,0.023,4.8
Whisper base,038012_2A_preprocessed,15,Ella sólo bebe cerveza y no come nada,E has el conversino del todo,1.0,0.6216,0.0,0.082,0.013,6.5
Whisper base,038012_2A_preprocessed,16,Me gustaría que el precio de las casas bajara,Me gustaría que los presos me estas ya.,0.6667,0.4,0.3333,0.096,0.015,6.4
Whisper base,038012_2A_preprocessed,17,Cruza a la derecha y después sigue todo recto,Cruzar a la derecha,0.6667,0.6222,0.3333,0.087,0.015,5.7
Whisper base,038012_2A_preprocessed,18,Ella ha terminado de pintar su apartamento,Ella ha terminado de espacilar su apartamento.,0.1429,0.1429,0.8571,0.103,0.018,5.8
Whisper base,038012_2A_preprocessed,19,Me gustaría que empezara a hacer más calor pronto,Me gustaría ser pincacas esta... gustaría pronto.,0.6667,0.4694,0.3333,0.1,0.015,6.6
Whisper base,038012_2A_preprocessed,20,El niño al que se le murió el gato está triste,"El niño, el niño, sirio, cato es tan triste.",0.7273,0.4348,0.2727,0.111,0.02,5.6
Whisper base,038012_2A_preprocessed,21,Una amiga mía cuida a los niños de mi vecino,Una amiga picado en mi vecino.,0.6,0.4545,0.4,0.094,0.018,5.1
Whisper base,038012_2A_preprocessed,22,El gato que era negro fue perseguido por el perro,El gato se engañan negro y es la perro.,0.6,0.4898,0.4,0.101,0.016,6.5
Whisper base,038012_2A_preprocessed,23,Antes de poder salir él tiene que limpiar su cuarto,que se limpiar tu cuarto,0.8,0.5882,0.2,0.079,0.029,2.7
Whisper base,038012_2A_preprocessed,24,La cantidad de personas que fuman ha disminuido,la verdad es que la vida es una persona que no es la persona.,1.0,0.8298,0.0,0.108,0.02,5.5
Whisper base,038012_2A_preprocessed,25,Después de llegar a casa del trabajo tomé la cena,después ya llegar a la casa de la cena.,0.5,0.3673,0.5,0.094,0.017,5.6
Whisper base,038012_2A_preprocessed,26,El ladrón al que atrapó la policía era famoso,So...,1.0,0.9556,0.0,0.073,0.043,1.7
Whisper base,038012_2A_preprocessed,27,Le pedí a un amigo que me ayudara con la tarea,Le pedí a un amigo que me ayudara con la tarea,0.0,0.0,1.0,0.104,0.023,4.6
Whisper base,038012_2A_preprocessed,28,El examen no fue tan difícil como me habían dicho,Tareha es un no difícil para Tareja,0.9,0.6531,0.1,0.095,0.02,4.8
Whisper base,038012_2A_preprocessed,29,¿Serías tan amable de darme el libro que está en la mesa?,¿Qué está en la mesa? ¿Es de libro? y ahora vamos a ver.,1.0,0.6909,0.0,0.738,0.092,8.0
Whisper base,038012_2A_preprocessed,30,Hay mucha gente que no toma nada para el desayuno,A mi ejemplo pero...,1.0,0.7755,0.0,0.079,0.01,8.1
Whisper base,038015_1A_preprocessed,1,Quiero cortarme el pelo,Quiero cortarme el pelo,0.0,0.0,1.0,0.081,0.051,1.6
Whisper base,038015_1A_preprocessed,2,El libro está en la mesa,El libro está en la mesa.,0.0,0.0,1.0,0.089,0.056,1.6
Whisper base,038015_1A_preprocessed,3,El carro lo tiene Pedro,El carro no tiene pelo,0.4,0.1304,0.6,0.08,0.036,2.2
Whisper base,038015_1A_preprocessed,4,El se ducha cada mañana,El se ducha cada mañana,0.0,0.0,1.0,0.078,0.049,1.6
Whisper base,038015_1A_preprocessed,5,¿Qué dice usted que va a hacer hoy?,¿Qué dice usted que va a hacer hoy?,0.0,0.0,1.0,0.092,0.044,2.1
Whisper base,038015_1A_preprocessed,6,Dudo que sepa manejar muy bien,Dudo que sepa manejar muy bien,0.0,0.0,1.0,0.09,0.047,1.9
Whisper base,038015_1A_preprocessed,7,Las calles de esta ciudad son muy anchas,Las calles de esta ciudad son muy anchas,0.0,0.0,1.0,0.097,0.028,3.4
Whisper base,038015_1A_preprocessed,8,Puede que llueva mañana todo el día,Puede que llueva mañana todo el día,0.0,0.0,1.0,0.092,0.046,2.0
Whisper base,038015_1A_preprocessed,9,Las casas son muy bonitas pero caras,Las casas son muy bonitas pero caras,0.0,0.0,1.0,0.093,0.035,2.7
Whisper base,038015_1A_preprocessed,10,Me gustan las películas que acaban bien,Me gustan las películas que acaban bien.,0.0,0.0,1.0,0.096,0.038,2.5
Whisper base,038015_1A_preprocessed,11,El chico con el que yo salgo es español,El chico con esto algo es español.,0.4444,0.2051,0.5556,0.09,0.033,2.7
Whisper base,038015_1A_preprocessed,12,Después de cenar me fui a dormir tranquilo,Después de cenar me fui a dormir tranquilo,0.0,0.0,1.0,0.088,0.026,3.4
Whisper base,038015_1A_preprocessed,13,Quiero una casa en la que vivan mis animales,Quiero una casa en que le vivan mis animales.,0.2222,0.1136,0.7778,0.096,0.032,3.0
Whisper base,038015_1A_preprocessed,14,A nosotros nos fascinan las fiestas grandiosas,a nosotros nos fascinan las fiestas grandes.,0.1429,0.087,0.8571,0.096,0.03,3.2
Whisper base,038015_1A_preprocessed,15,Ella sólo bebe cerveza y no come nada,Ella sólo bebe cerveza y no come nada,0.0,0.0,1.0,0.088,0.026,3.4
Whisper base,038015_1A_preprocessed,16,Me gustaría que el precio de las casas bajara,Me gustaría las precias casas.,0.6667,0.4222,0.3333,0.085,0.037,2.3
Whisper base,038015_1A_preprocessed,17,Cruza a la derecha y después sigue todo recto,Cruza a la derecha y sigue el todo recto,0.2222,0.2444,0.7778,0.092,0.03,3.1
Whisper base,038015_1A_preprocessed,18,Ella ha terminado de pintar su apartamento,Ella ha terminado a suspentar su apartamento.,0.2857,0.1429,0.7143,0.094,0.027,3.5
Whisper base,038015_1A_preprocessed,19,Me gustaría que empezara a hacer más calor pronto,Me gustaría hacer más calor pronto.,0.3333,0.3061,0.6667,0.084,0.021,4.1
Whisper base,038015_1A_preprocessed,20,El niño al que se le murió el gato está triste,El niño que se murió el gato está triste,0.1818,0.1304,0.8182,0.095,0.019,5.0
Whisper base,038015_1A_preprocessed,21,Una amiga mía cuida a los niños de mi vecino,Una amiga me cuidaron a los niños,0.5,0.4091,0.5,0.083,0.031,2.7
Whisper base,038015_1A_preprocessed,22,El gato que era negro fue perseguido por el perro,El gato negro fue perseguido por el perro,0.2,0.1633,0.8,0.13,0.041,3.2
Whisper base,038015_1A_preprocessed,23,Antes de poder salir él tiene que limpiar su cuarto,Antes de ti en ese leer limpiar el cuarto,0.6,0.3922,0.4,0.094,0.021,4.4
Whisper base,038015_1A_preprocessed,24,La cantidad de personas que fuman ha disminuido,La cantidad de personas que fuman es...,0.25,0.2553,0.75,0.089,0.018,4.9
Whisper base,038015_1A_preprocessed,25,Después de llegar a casa del trabajo tomé la cena,Después de llegar a la casa de... después del trabajo como el la cena,0.5,0.3878,0.5,0.103,0.02,5.2
Whisper base,038015_1A_preprocessed,26,El ladrón al que atrapó la policía era famoso,El ladrón al que atrapó con la policía era famosa.,0.2222,0.1111,0.7778,0.11,0.022,5.1
Whisper base,038015_1A_preprocessed,27,Le pedí a un amigo que me ayudara con la tarea,Le pedí a un amigo que me ayudan la tarea,0.1818,0.1087,0.8182,0.097,0.021,4.6
Whisper base,038015_1A_preprocessed,28,El examen no fue tan difícil como me habían dicho,El provo no fue difícil me han dicho,0.4,0.3673,0.6,0.089,0.023,3.9
Whisper base,038015_1A_preprocessed,29,¿Serías tan amable de darme el libro que está en la mesa?,¿Serías tan amable de darme el libro en la mesa?,0.1667,0.1636,0.8333,0.171,0.03,5.7
Whisper base,038015_1A_preprocessed,30,Hay mucha gente que no toma nada para el desayuno,Hay mucha gente que no toma nada para el desayuno,0.0,0.0,1.0,0.172,0.049,3.5
Whisper small,038010_2A_preprocessed,1,Quiero cortarme el pelo,Quiero cortarme el pelo,0.0,0.0,1.0,6.345,3.732,1.7
Whisper small,038010_2A_preprocessed,2,El libro está en la mesa,El libro está en la mesa,0.0,0.0,1.0,0.558,0.328,1.7
Whisper small,038010_2A_preprocessed,3,El carro lo tiene Pedro,El carro lo tiene Pedro,0.0,0.0,1.0,0.34,0.179,1.9
Whisper small,038010_2A_preprocessed,4,El se ducha cada mañana,El se ducha cada mañana,0.0,0.0,1.0,0.335,0.186,1.8
Whisper small,038010_2A_preprocessed,5,¿Qué dice usted que va a hacer hoy?,¿Qué dice usted que va a hacer hoy?,0.0,0.0,1.0,0.389,0.156,2.5
Whisper small,038010_2A_preprocessed,6,Dudo que sepa manejar muy bien,Dudo que sepa manejar muy bien,0.0,0.0,1.0,0.347,0.139,2.5
Whisper small,038010_2A_preprocessed,7,Las calles de esta ciudad son muy anchas,Las calles de esta ciudad son muy anchas,0.0,0.0,1.0,0.302,0.097,3.1
Whisper small,038010_2A_preprocessed,8,Puede que llueva mañana todo el día,Puede que llueva mañana todo el día,0.0,0.0,1.0,0.338,0.13,2.6
Whisper small,038010_2A_preprocessed,9,Las casas son muy bonitas pero caras,Las casas son muy bonitas pero caras,0.0,0.0,1.0,0.375,0.083,4.5
Whisper small,038010_2A_preprocessed,10,Me gustan las películas que acaban bien,Me gustan las películas que acaban bien,0.0,0.0,1.0,0.366,0.141,2.6
Whisper small,038010_2A_preprocessed,11,El chico con el que yo salgo es español,El chico que hago es español,0.4444,0.3077,0.5556,0.358,0.102,3.5
Whisper small,038010_2A_preprocessed,12,Después de cenar me fui a dormir tranquilo,Después de cenar me fui a dormir tranquilo,0.0,0.0,1.0,0.359,0.102,3.5
Whisper small,038010_2A_preprocessed,13,Quiero una casa en la que vivan mis animales,Quiero una casa en la que vivan animales,0.1111,0.0909,0.8889,0.305,0.08,3.8
Whisper small,038010_2A_preprocessed,14,A nosotros nos fascinan las fiestas grandiosas,A nosotros,0.7143,0.7826,0.2857,0.256,0.183,1.4
Whisper small,038010_2A_preprocessed,15,Ella sólo bebe cerveza y no come nada,Ella sólo bebe cerveza y no come nada,0.0,0.0,1.0,0.319,0.063,5.1
Whisper small,038010_2A_preprocessed,16,Me gustaría que el precio de las casas bajara,Me gustaría,0.7778,0.7556,0.2222,0.246,0.246,1.0
Whisper small,038010_2A_preprocessed,17,Cruza a la derecha y después sigue todo recto,Cruza a la derecha y después sigue recto,0.1111,0.1111,0.8889,0.306,0.065,4.7
Whisper small,038010_2A_preprocessed,18,Ella ha terminado de pintar su apartamento,Ella termina de pintar su apartamento,0.2857,0.119,0.7143,0.3,0.059,5.1
Whisper small,038010_2A_preprocessed,19,Me gustaría que empezara a hacer más calor pronto,El niño a que se murió el gato triste,1.0,0.6735,0.0,0.302,0.044,6.8
Whisper small,038010_2A_preprocessed,20,El niño al que se le murió el gato está triste,"¡Un amigo, mi amigo! Cuidado los niños",1.0,0.7391,0.0,0.305,0.056,5.4
Whisper small,038010_2A_preprocessed,21,Una amiga mía cuida a los niños de mi vecino,"El gato, ¿quiere negro?",1.0,0.7727,0.0,0.291,0.112,2.6
Whisper small,038010_2A_preprocessed,22,El gato que era negro fue perseguido por el perro,Antes de poder salir tiene que limpiar su corto,1.0,0.7551,0.0,0.293,0.054,5.4
Whisper small,038010_2A_preprocessed,23,Antes de poder salir él tiene que limpiar su cuarto,la cantidad de personas que fuman,0.9,0.7647,0.1,0.271,0.09,3.0
Whisper small,038010_2A_preprocessed,24,La cantidad de personas que fuman ha disminuido,después de llegar a casa,0.875,0.766,0.125,0.251,0.093,2.7
Whisper small,038010_2A_preprocessed,25,Después de llegar a casa del trabajo tomé la cena,El ladrón policía era famoso,1.0,0.7959,0.0,0.279,0.077,3.6
Whisper small,038010_2A_preprocessed,26,El ladrón al que atrapó la policía era famoso,El depide de un amigo que ayudó a la atrapa,1.0,0.7111,0.0,0.311,0.08,3.9
Whisper small,038010_2A_preprocessed,27,Le pedí a un amigo que me ayudara con la tarea,¿Examen no tan difícil?,1.0,0.7826,0.0,0.271,0.042,6.4
Whisper small,038010_2A_preprocessed,28,El examen no fue tan difícil como me habían dicho,Amable que esta,1.0,0.8367,0.0,0.279,0.139,2.0
Whisper small,038010_2A_preprocessed,29,¿Serías tan amable de darme el libro que está en la mesa?,¿El libro que está en la mesa?,0.4167,0.4909,0.5833,0.28,0.147,1.9
Whisper small,038010_2A_preprocessed,30,Hay mucha gente que no toma nada para el desayuno,Hay mucha gente que no toma nada para el desayuno,0.0,0.0,1.0,0.302,0.091,3.3
Whisper small,038011_1A_preprocessed,1,Quiero cortarme el pelo,Quiero cortarme el pelo,0.0,0.0,1.0,0.259,0.13,2.0
Whisper small,038011_1A_preprocessed,2,El libro está en la mesa,El libro está en la mesa,0.0,0.0,1.0,0.259,0.162,1.6
Whisper small,038011_1A_preprocessed,3,El carro lo tiene Pedro,El carro no tiene Pedro,0.2,0.0435,0.8,0.254,0.141,1.8
Whisper small,038011_1A_preprocessed,4,El se ducha cada mañana,El se ducha cada mañana,0.0,0.0,1.0,0.263,0.105,2.5
Whisper small,038011_1A_preprocessed,5,¿Qué dice usted que va a hacer hoy?,¿Qué dice usted que va a hacer hoy?,0.0,0.0,1.0,0.289,0.132,2.2
Whisper small,038011_1A_preprocessed,6,Dudo que sepa manejar muy bien,Dudo que sepa manejar bien,0.1667,0.1333,0.8333,0.277,0.089,3.1
Whisper small,038011_1A_preprocessed,7,Las calles de esta ciudad son muy anchas,"Las calles en Salivad, muchas años",0.75,0.475,0.25,0.289,0.061,4.7
Whisper small,038011_1A_preprocessed,8,Puede que llueva mañana todo el día,Puede que llueva mañana todo el día,0.0,0.0,1.0,0.29,0.126,2.3
Whisper small,038011_1A_preprocessed,9,Las casas son muy bonitas pero caras,Las casas son muy bonitas pero caras,0.0,0.0,1.0,0.286,0.082,3.5
Whisper small,038011_1A_preprocessed,10,Me gustan las películas que acaban bien,Me gustan las películas que acaban bien,0.0,0.0,1.0,0.285,0.124,2.3
Whisper small,038011_1A_preprocessed,11,El chico con el que yo salgo es español,"El chico conectivo salgo, ¿está bien?",0.6667,0.4103,0.3333,0.304,0.061,5.0
Whisper small,038011_1A_preprocessed,12,Después de cenar me fui a dormir tranquilo,Después de cenar me fui a... ...poner tranquilo,0.125,0.0952,0.875,0.321,0.063,5.1
Whisper small,038011_1A_preprocessed,13,Quiero una casa en la que vivan mis animales,Quiero una casa en la que vivan mis animales,0.0,0.0,1.0,0.288,0.082,3.5
Whisper small,038011_1A_preprocessed,14,A nosotros nos fascinan las fiestas grandiosas,A nosotros que las fiestas,0.4286,0.5,0.5714,0.27,0.108,2.5
Whisper small,038011_1A_preprocessed,15,Ella sólo bebe cerveza y no come nada,Ella sólo bebe cerveza y como...,0.375,0.2432,0.625,0.277,0.071,3.9
Whisper small,038011_1A_preprocessed,16,Me gustaría que el precio de las casas bajara,Me gustaría los precios de las caras para nada,0.6667,0.3111,0.3333,0.295,0.047,6.3
Whisper small,038011_1A_preprocessed,17,Cruza a la derecha y después sigue todo recto,Cruza a la derecha y después sigue todo recto,0.0,0.0,1.0,0.3,0.047,6.4
Whisper small,038011_1A_preprocessed,18,Ella ha terminado de pintar su apartamento,Ella ha terminado de pintar su apartamento,0.0,0.0,1.0,0.282,0.05,5.6
Whisper small,038011_1A_preprocessed,19,Me gustaría que empezara a hacer más calor pronto,Me gustaría las hacer pronto,0.5556,0.4694,0.4444,0.253,0.039,6.4
Whisper small,038011_1A_preprocessed,20,El niño al que se le murió el gato está triste,El niño al que se murió el gato está triste,0.0909,0.0652,0.9091,0.308,0.077,4.0
Whisper small,038011_1A_preprocessed,21,Una amiga mía cuida a los niños de mi vecino,Una amiga bien cuidar a los niños de mi vecino,0.2,0.1136,0.8,0.307,0.067,4.6
Whisper small,038011_1A_preprocessed,22,El gato que era negro fue perseguido por el perro,El gato era negro y el perro,0.4,0.449,0.6,0.287,0.043,6.7
Whisper small,038011_1A_preprocessed,23,Antes de poder salir él tiene que limpiar su cuarto,Antes de que salir puede cuarto,0.6,0.4902,0.4,0.263,0.032,8.3
Whisper small,038011_1A_preprocessed,24,La cantidad de personas que fuman ha disminuido,La cantidad de las personas fuman que me he salido,0.625,0.4255,0.375,0.299,0.068,4.4
Whisper small,038011_1A_preprocessed,25,Después de llegar a casa del trabajo tomé la cena,Después de llegar a casa fui a la cena,0.3,0.2857,0.7,0.293,0.051,5.7
Whisper small,038011_1A_preprocessed,26,El ladrón al que atrapó la policía era famoso,Perdón a la policía Eran famoso,0.6667,0.4222,0.3333,0.295,0.042,7.0
Whisper small,038011_1A_preprocessed,27,Le pedí a un amigo que me ayudara con la tarea,Le pedí a un amigo que ayudara con la tarea,0.0909,0.0652,0.9091,0.308,0.068,4.5
Whisper small,038011_1A_preprocessed,28,El examen no fue tan difícil como me habían dicho,El examen no fue...,0.6,0.6735,0.4,0.267,0.133,2.0
Whisper small,038011_1A_preprocessed,29,¿Serías tan amable de darme el libro que está en la mesa?,¿Serías amable que lo están...?,0.75,0.5636,0.25,0.284,0.095,3.0
Whisper small,038011_1A_preprocessed,30,Hay mucha gente que no toma nada para el desayuno,Hay mucha gente que no toma nada al desayuno,0.2,0.102,0.8,0.292,0.101,2.9
Whisper small,038012_2A_preprocessed,1,Quiero cortarme el pelo,Quiero cortarme el...,0.25,0.2174,0.75,0.263,0.202,1.3
Whisper small,038012_2A_preprocessed,2,El libro está en la mesa,El libro está en la mesa,0.0,0.0,1.0,0.267,0.157,1.7
Whisper small,038012_2A_preprocessed,3,El carro lo tiene Pedro,El carro lo tiene Pedro,0.0,0.0,1.0,0.253,0.158,1.6
Whisper small,038012_2A_preprocessed,4,El se ducha cada mañana,El se ducha cada mañana,0.0,0.0,1.0,0.289,0.161,1.8
Whisper small,038012_2A_preprocessed,5,¿Qué dice usted que va a hacer hoy?,¿Qué dice usted que va a hacer hoy?,0.0,0.0,1.0,0.286,0.159,1.8
Whisper small,038012_2A_preprocessed,6,Dudo que sepa manejar muy bien,Duros de calizar también,1.0,0.5667,0.0,0.26,0.067,3.9
Whisper small,038012_2A_preprocessed,7,Las calles de esta ciudad son muy anchas,Las calles son de... Los calles.,0.75,0.525,0.25,0.301,0.049,6.2
Whisper small,038012_2A_preprocessed,8,Puede que llueva mañana todo el día,Puede que haya que seguir en la calle,0.8571,0.6857,0.1429,0.286,0.124,2.3
Whisper small,038012_2A_preprocessed,9,Las casas son muy bonitas pero caras,Las casas son bonitas pero caras,0.1429,0.1111,0.8571,0.28,0.122,2.3
Whisper small,038012_2A_preprocessed,10,Me gustan las películas que acaban bien,Me gustan las películas pecar bien,0.2857,0.1795,0.7143,0.279,0.09,3.1
Whisper small,038012_2A_preprocessed,11,El chico con el que yo salgo es español,El chico es un ponalio es español,0.5556,0.2821,0.4444,0.283,0.053,5.3
Whisper small,038012_2A_preprocessed,12,Después de cenar me fui a dormir tranquilo,Después de llegar a dormir,0.5,0.4762,0.5,0.259,0.04,6.5
Whisper small,038012_2A_preprocessed,13,Quiero una casa en la que vivan mis animales,Quiero la casa estar a mis animales,0.5556,0.2955,0.4444,0.277,0.066,4.2
Whisper small,038012_2A_preprocessed,14,A nosotros nos fascinan las fiestas grandiosas,A nosotros fascinamos a los nosotros.,0.7143,0.4783,0.2857,0.282,0.059,4.8
Whisper small,038012_2A_preprocessed,15,Ella sólo bebe cerveza y no come nada,Ella es el conversino del...,0.875,0.5946,0.125,0.269,0.041,6.5
Whisper small,038012_2A_preprocessed,16,Me gustaría que el precio de las casas bajara,Me gustaría que los precios bestas ya,0.6667,0.3778,0.3333,0.282,0.044,6.4
Whisper small,038012_2A_preprocessed,17,Cruza a la derecha y después sigue todo recto,Cruzar a la derecha,0.6667,0.6222,0.3333,0.267,0.047,5.7
Whisper small,038012_2A_preprocessed,18,Ella ha terminado de pintar su apartamento,Ella ha terminado de espasar su apartamento,0.1429,0.119,0.8571,0.296,0.051,5.8
Whisper small,038012_2A_preprocessed,19,Me gustaría que empezara a hacer más calor pronto,"Me gustaría hacer pincaz, esta gustaría pronto",0.6667,0.4898,0.3333,0.285,0.043,6.6
Whisper small,038012_2A_preprocessed,20,El niño al que se le murió el gato está triste,"El niño, el niño ciriocato es tan muy triste",0.7273,0.5217,0.2727,0.31,0.055,5.6
Whisper small,038012_2A_preprocessed,21,Una amiga mía cuida a los niños de mi vecino,Una amiga picado en mi vecino,0.6,0.4545,0.4,0.286,0.056,5.1
Whisper small,038012_2A_preprocessed,22,El gato que era negro fue perseguido por el perro,El gato sin niña negro y el perro,0.5,0.4898,0.5,0.303,0.047,6.5
Whisper small,038012_2A_preprocessed,23,Antes de poder salir él tiene que limpiar su cuarto,¿Qué es el limpiar tu cuarto?,0.8,0.5686,0.2,0.288,0.107,2.7
Whisper small,038012_2A_preprocessed,24,La cantidad de personas que fuman ha disminuido,La cantidad de personas que fuman ha disminuido,0.0,0.0,1.0,0.299,0.054,5.5
Whisper small,038012_2A_preprocessed,25,Después de llegar a casa del trabajo tomé la cena,"Después de llegar a mi casa, voy a la cena",0.4,0.3469,0.6,0.289,0.052,5.6
Whisper small,038012_2A_preprocessed,26,El ladrón al que atrapó la policía era famoso,El ladrón al que atrapó la policía era famoso,0.0,0.0,1.0,0.312,0.184,1.7
Whisper small,038012_2A_preprocessed,27,Le pedí a un amigo que me ayudara con la tarea,Le pedí a una amiga,0.7273,0.6304,0.2727,0.263,0.057,4.6
Whisper small,038012_2A_preprocessed,28,El examen no fue tan difícil como me habían dicho,Estar a la ruta es tan difícil para estar a la ruta,1.0,0.6327,0.0,0.313,0.065,4.8
Whisper small,038012_2A_preprocessed,29,¿Serías tan amable de darme el libro que está en la mesa?,¿Qué está en la mesa? ¿Qué está en la mesa? ¿Qué está en la mesa? ¿Qué está en la mesa? ¿Qué está en la mesa? ¿Qué está en la mesa? ¿Qué está en la mesa? ¿Qué está en la mesa? ¿Qué está en la mesa? ¿Qué está en la mesa? ¿Qué está en la mesa? ¿Qué está en la mesa? ¿Qué está en la mesa? ¿Qué está en la mesa? ¿Qué está en la mesa? ¿Qué está en la mesa? ¿Qué está en la mesa? ¿Qué está en la mesa? ¿Qué está en la mesa? ¿Qué está en la mesa? ¿Qué está en la mesa? ¿Qué está en la mesa? ¿Qué está en la mesa? ¿Qué está en la mesa?,1.0,1.0,0.0,1.619,0.202,8.0
Whisper small,038012_2A_preprocessed,30,Hay mucha gente que no toma nada para el desayuno,Hay mucho ejemplo pero...,0.9,0.6735,0.1,0.254,0.031,8.1
Whisper small,038015_1A_preprocessed,1,Quiero cortarme el pelo,Quiero cortarme el pelo,0.0,0.0,1.0,0.261,0.163,1.6
Whisper small,038015_1A_preprocessed,2,El libro está en la mesa,El libro está en la mesa,0.0,0.0,1.0,0.261,0.163,1.6
Whisper small,038015_1A_preprocessed,3,El carro lo tiene Pedro,El carro no tiene pelo,0.4,0.1304,0.6,0.259,0.118,2.2
Whisper small,038015_1A_preprocessed,4,El se ducha cada mañana,El se ducha cada mañana,0.0,0.0,1.0,0.262,0.164,1.6
Whisper small,038015_1A_preprocessed,5,¿Qué dice usted que va a hacer hoy?,¿Qué dice usted que va a hacer hoy?,0.0,0.0,1.0,0.285,0.136,2.1
Whisper small,038015_1A_preprocessed,6,Dudo que sepa manejar muy bien,Dudo que sepa manejar bien,0.1667,0.1333,0.8333,0.268,0.141,1.9
Whisper small,038015_1A_preprocessed,7,Las calles de esta ciudad son muy anchas,Las calles de esta ciudad son muy anchas,0.0,0.0,1.0,0.291,0.086,3.4
Whisper small,038015_1A_preprocessed,8,Puede que llueva mañana todo el día,Puede que llueva mañana todo el día,0.0,0.0,1.0,0.287,0.143,2.0
Whisper small,038015_1A_preprocessed,9,Las casas son muy bonitas pero caras,Las casas son muy bonitas pero caras,0.0,0.0,1.0,0.294,0.109,2.7
Whisper small,038015_1A_preprocessed,10,Me gustan las películas que acaban bien,Me gustan las películas que acaban bien,0.0,0.0,1.0,0.287,0.115,2.5
Whisper small,038015_1A_preprocessed,11,El chico con el que yo salgo es español,El chico con esto algo es español,0.4444,0.2051,0.5556,0.272,0.101,2.7
Whisper small,038015_1A_preprocessed,12,Después de cenar me fui a dormir tranquilo,Después de cenar me fui a dormir tranquilo,0.0,0.0,1.0,0.285,0.084,3.4
Whisper small,038015_1A_preprocessed,13,Quiero una casa en la que vivan mis animales,Quiero una casa en la que vivan mis animales,0.0,0.0,1.0,0.298,0.099,3.0
Whisper small,038015_1A_preprocessed,14,A nosotros nos fascinan las fiestas grandiosas,A nosotros nos fascinan las fiestas grandes,0.1429,0.087,0.8571,0.29,0.09,3.2
Whisper small,038015_1A_preprocessed,15,Ella sólo bebe cerveza y no come nada,Ella sólo bebe cerveza y no come nada,0.0,0.0,1.0,0.281,0.083,3.4
Whisper small,038015_1A_preprocessed,16,Me gustaría que el precio de las casas bajara,Me gustaría las precios casas,0.6667,0.4222,0.3333,0.27,0.117,2.3
Whisper small,038015_1A_preprocessed,17,Cruza a la derecha y después sigue todo recto,Cruza a la derecha y sigue todo recto,0.1111,0.1778,0.8889,0.291,0.094,3.1
Whisper small,038015_1A_preprocessed,18,Ella ha terminado de pintar su apartamento,Ella ha terminado de pintar su apartamento,0.0,0.0,1.0,0.282,0.08,3.5
Whisper small,038015_1A_preprocessed,19,Me gustaría que empezara a hacer más calor pronto,Me gustaría hacer más calor pronto,0.3333,0.3061,0.6667,0.259,0.063,4.1
Whisper small,038015_1A_preprocessed,20,El niño al que se le murió el gato está triste,El niño que se murió el gato está triste,0.1818,0.1304,0.8182,0.296,0.059,5.0
Whisper small,038015_1A_preprocessed,21,Una amiga mía cuida a los niños de mi vecino,Una amiga mía cuida a los niños,0.3,0.2955,0.7,0.278,0.103,2.7
Whisper small,038015_1A_preprocessed,22,El gato que era negro fue perseguido por el perro,El gato negro fue perseguido por el perro,0.2,0.1633,0.8,0.3,0.094,3.2
Whisper small,038015_1A_preprocessed,23,Antes de poder salir él tiene que limpiar su cuarto,Antes de tener que salir limpiar el cuarto,0.6,0.4118,0.4,0.277,0.063,4.4
Whisper small,038015_1A_preprocessed,24,La cantidad de personas que fuman ha disminuido,La cantidad de personas que fuman es...,0.25,0.2553,0.75,0.284,0.058,4.9
Whisper small,038015_1A_preprocessed,25,Después de llegar a casa del trabajo tomé la cena,Después de llegar a la casa de después del trabajo tomé la cena,0.3,0.2857,0.7,0.314,0.06,5.2
Whisper small,038015_1A_preprocessed,26,El ladrón al que atrapó la policía era famoso,El ladrón al que atrapó con la policía era famoso,0.1111,0.0889,0.8889,0.316,0.062,5.1
Whisper small,038015_1A_preprocessed,27,Le pedí a un amigo que me ayudara con la tarea,Le pedí a un amigo que me ayudara con la tarea,0.0,0.0,1.0,0.318,0.069,4.6
Whisper small,038015_1A_preprocessed,28,El examen no fue tan difícil como me habían dicho,El prueba no fue difícil como me han dicho,0.3,0.2653,0.7,0.28,0.072,3.9
Whisper small,038015_1A_preprocessed,29,¿Serías tan amable de darme el libro que está en la mesa?,Serías tan amable de darme el libro en la mesa?,0.1667,0.1636,0.8333,0.316,0.055,5.7
Whisper small,038015_1A_preprocessed,30,Hay mucha gente que no toma nada para el desayuno,Hay mucha gente que no toma nada para el desayuno,0.0,0.0,1.0,0.3,0.086,3.5
Whisper medium,038010_2A_preprocessed,1,Quiero cortarme el pelo,Quiero cortarme el pelo,0.0,0.0,1.0,136.702,80.413,1.7
Whisper medium,038010_2A_preprocessed,2,El libro está en la mesa,El libro está en la mesa,0.0,0.0,1.0,0.95,0.559,1.7
Whisper medium,038010_2A_preprocessed,3,El carro lo tiene Pedro,El carro lo tiene Pedro,0.0,0.0,1.0,0.849,0.447,1.9
Whisper medium,038010_2A_preprocessed,4,El se ducha cada mañana,El se ducha cada mañana,0.0,0.0,1.0,0.797,0.443,1.8
Whisper medium,038010_2A_preprocessed,5,¿Qué dice usted que va a hacer hoy?,¿Qué dice usted que va a hacer hoy?,0.0,0.0,1.0,0.909,0.363,2.5
Whisper medium,038010_2A_preprocessed,6,Dudo que sepa manejar muy bien,Dudo que sepa manejar muy bien,0.0,0.0,1.0,0.961,0.384,2.5
Whisper medium,038010_2A_preprocessed,7,Las calles de esta ciudad son muy anchas,Las calles de esta ciudad son muy anchas,0.0,0.0,1.0,0.928,0.299,3.1
Whisper medium,038010_2A_preprocessed,8,Puede que llueva mañana todo el día,Puede que llueva mañana todo el día,0.0,0.0,1.0,0.831,0.319,2.6
Whisper medium,038010_2A_preprocessed,9,Las casas son muy bonitas pero caras,Las casas son muy bonitas pero caras,0.0,0.0,1.0,0.839,0.186,4.5
Whisper medium,038010_2A_preprocessed,10,Me gustan las películas que acaban bien,Me gustan las películas que acaban bien,0.0,0.0,1.0,0.857,0.33,2.6
Whisper medium,038010_2A_preprocessed,11,El chico con el que yo salgo es español,El chico que hago es español,0.4444,0.3077,0.5556,0.792,0.226,3.5
Whisper medium,038010_2A_preprocessed,12,Después de cenar me fui a dormir tranquilo,Después de cenar me fui a dormir tranquilo,0.0,0.0,1.0,0.828,0.237,3.5
Whisper medium,038010_2A_preprocessed,13,Quiero una casa en la que vivan mis animales,Quiero una casa en la que vivan animales,0.1111,0.0909,0.8889,0.848,0.223,3.8
Whisper medium,038010_2A_preprocessed,14,A nosotros nos fascinan las fiestas grandiosas,A nosotros...,0.7143,0.7826,0.2857,0.775,0.554,1.4
Whisper medium,038010_2A_preprocessed,15,Ella sólo bebe cerveza y no come nada,Ella sólo bebe cerveza y no come nada,0.0,0.0,1.0,0.941,0.184,5.1
Whisper medium,038010_2A_preprocessed,16,Me gustaría que el precio de las casas bajara,me gustaría que el precio bajara,0.3333,0.2889,0.6667,0.865,0.865,1.0
Whisper medium,038010_2A_preprocessed,17,Cruza a la derecha y después sigue todo recto,Cruza a la derecha y después siga recto,0.2222,0.1556,0.7778,0.985,0.21,4.7
Whisper medium,038010_2A_preprocessed,18,Ella ha terminado de pintar su apartamento,Ella ha terminado de pintar su apartamento,0.0,0.0,1.0,0.917,0.18,5.1
Whisper medium,038010_2A_preprocessed,19,Me gustaría que empezara a hacer más calor pronto,"El niño a que se murió, el gato, triste",1.0,0.6735,0.0,0.974,0.143,6.8
Whisper medium,038010_2A_preprocessed,20,El niño al que se le murió el gato está triste,"Amiga mía, cuidado los niños",1.0,0.7609,0.0,0.953,0.176,5.4
Whisper medium,038010_2A_preprocessed,21,Una amiga mía cuida a los niños de mi vecino,El gato que era negro,1.0,0.7727,0.0,0.782,0.301,2.6
Whisper medium,038010_2A_preprocessed,22,El gato que era negro fue perseguido por el perro,Antes de poder salir tiene que limpiar su gordo,1.0,0.7551,0.0,0.912,0.169,5.4
Whisper medium,038010_2A_preprocessed,23,Antes de poder salir él tiene que limpiar su cuarto,la cantidad de personas que fuman,0.9,0.7647,0.1,0.792,0.264,3.0
Whisper medium,038010_2A_preprocessed,24,La cantidad de personas que fuman ha disminuido,después de llegar a casa.,0.875,0.766,0.125,0.77,0.285,2.7
Whisper medium,038010_2A_preprocessed,25,Después de llegar a casa del trabajo tomé la cena,El ladrón policía era famoso,1.0,0.7959,0.0,0.809,0.225,3.6
Whisper medium,038010_2A_preprocessed,26,El ladrón al que atrapó la policía era famoso,Le pidió un amigo que ayude a la trea,1.0,0.6667,0.0,0.907,0.233,3.9
Whisper medium,038010_2A_preprocessed,27,Le pedí a un amigo que me ayudara con la tarea,El examen no es tan difícil,1.0,0.7391,0.0,0.813,0.127,6.4
Whisper medium,038010_2A_preprocessed,28,El examen no fue tan difícil como me habían dicho,Amable que está,1.0,0.8571,0.0,0.739,0.37,2.0
Whisper medium,038010_2A_preprocessed,29,¿Serías tan amable de darme el libro que está en la mesa?,¿El libro que está en la mesa?,0.4167,0.4909,0.5833,1.029,0.541,1.9
Whisper medium,038010_2A_preprocessed,30,Hay mucha gente que no toma nada para el desayuno,Hay mucha gente que no toma nada para el desayuno,0.0,0.0,1.0,0.901,0.273,3.3
Whisper medium,038011_1A_preprocessed,1,Quiero cortarme el pelo,Quiero cortarme el pelo,0.0,0.0,1.0,0.764,0.382,2.0
Whisper medium,038011_1A_preprocessed,2,El libro está en la mesa,El libro está en la mesa,0.0,0.0,1.0,0.766,0.479,1.6
Whisper medium,038011_1A_preprocessed,3,El carro lo tiene Pedro,El carro no tiene perro,0.4,0.087,0.6,0.762,0.423,1.8
Whisper medium,038011_1A_preprocessed,4,El se ducha cada mañana,El se ducha cada mañana,0.0,0.0,1.0,0.764,0.305,2.5
Whisper medium,038011_1A_preprocessed,5,¿Qué dice usted que va a hacer hoy?,¿Qué dice usted que va a hacer hoy?,0.0,0.0,1.0,0.829,0.377,2.2
Whisper medium,038011_1A_preprocessed,6,Dudo que sepa manejar muy bien,Dudo que sepa manejar bien,0.1667,0.1333,0.8333,0.795,0.256,3.1
Whisper medium,038011_1A_preprocessed,7,Las calles de esta ciudad son muy anchas,Las calles en salida muchas años,0.75,0.475,0.25,0.806,0.172,4.7
Whisper medium,038011_1A_preprocessed,8,Puede que llueva mañana todo el día,Puede que llueva mañana todo el día,0.0,0.0,1.0,0.827,0.359,2.3
Whisper medium,038011_1A_preprocessed,9,Las casas son muy bonitas pero caras,Las casas son muy bonitas pero caras,0.0,0.0,1.0,0.826,0.236,3.5
Whisper medium,038011_1A_preprocessed,10,Me gustan las películas que acaban bien,Me gustan las películas que acaban bien,0.0,0.0,1.0,0.831,0.361,2.3
Whisper medium,038011_1A_preprocessed,11,El chico con el que yo salgo es español,El chico con el que yo salgo está bien,0.2222,0.2051,0.7778,0.881,0.176,5.0
Whisper medium,038011_1A_preprocessed,12,Después de cenar me fui a dormir tranquilo,Después de cenar me fui a poner tranquilo,0.125,0.0952,0.875,0.839,0.164,5.1
Whisper medium,038011_1A_preprocessed,13,Quiero una casa en la que vivan mis animales,Quiero una casa en la que vivan mis animales,0.0,0.0,1.0,0.856,0.245,3.5
Whisper medium,038011_1A_preprocessed,14,A nosotros nos fascinan las fiestas grandiosas,A nosotros que las fiestas...,0.4286,0.5,0.5714,0.823,0.329,2.5
Whisper medium,038011_1A_preprocessed,15,Ella sólo bebe cerveza y no come nada,Ella só la cerveza y... como...,0.625,0.4054,0.375,0.854,0.219,3.9
Whisper medium,038011_1A_preprocessed,16,Me gustaría que el precio de las casas bajara,Me gustaría los precios de las caras panada,0.5556,0.2444,0.4444,0.973,0.154,6.3
Whisper medium,038011_1A_preprocessed,17,Cruza a la derecha y después sigue todo recto,Cruza a la derecha y siga... ...derecho,0.4444,0.3333,0.5556,0.924,0.144,6.4
Whisper medium,038011_1A_preprocessed,18,Ella ha terminado de pintar su apartamento,Ella ha terminado los apartamientos,0.5714,0.3095,0.4286,0.833,0.149,5.6
Whisper medium,038011_1A_preprocessed,19,Me gustaría que empezara a hacer más calor pronto,Me gustaría las hacer... pronto,0.5556,0.4694,0.4444,0.799,0.125,6.4
Whisper medium,038011_1A_preprocessed,20,El niño al que se le murió el gato está triste,El niño que se murió el gato está triste,0.1818,0.1304,0.8182,0.889,0.222,4.0
Whisper medium,038011_1A_preprocessed,21,Una amiga mía cuida a los niños de mi vecino,Una amiga mía cuida a los niños de mi vecino,0.0,0.0,1.0,0.91,0.198,4.6
Whisper medium,038011_1A_preprocessed,22,El gato que era negro fue perseguido por el perro,El gato era negro y... El perro,0.4,0.449,0.6,0.94,0.14,6.7
Whisper medium,038011_1A_preprocessed,23,Antes de poder salir él tiene que limpiar su cuarto,"Antes de que salir, puede... cuarto?",0.6,0.4902,0.4,0.849,0.102,8.3
Whisper medium,038011_1A_preprocessed,24,La cantidad de personas que fuman ha disminuido,La cantidad de personas fuman que me saldieron,0.5,0.3617,0.5,0.919,0.209,4.4
Whisper medium,038011_1A_preprocessed,25,Después de llegar a casa del trabajo tomé la cena,Después de llegar a la casa fui a la cena,0.4,0.3469,0.6,0.9,0.158,5.7
Whisper medium,038011_1A_preprocessed,26,El ladrón al que atrapó la policía era famoso,"Perdón, pero la policía era famoso",0.5556,0.3778,0.4444,0.824,0.118,7.0
Whisper medium,038011_1A_preprocessed,27,Le pedí a un amigo que me ayudara con la tarea,Le pedí a un amigo que ayudara con mi tarea,0.1818,0.1087,0.8182,0.877,0.195,4.5
Whisper medium,038011_1A_preprocessed,28,El examen no fue tan difícil como me habían dicho,El examen no fue...,0.6,0.6735,0.4,0.767,0.383,2.0
Whisper medium,038011_1A_preprocessed,29,¿Serías tan amable de darme el libro que está en la mesa?,¿Serías amable que lo están...?,0.75,0.5636,0.25,0.816,0.272,3.0
Whisper medium,038011_1A_preprocessed,30,Hay mucha gente que no toma nada para el desayuno,Hay mucha gente que no toma nada para el desayuno,0.0,0.0,1.0,0.854,0.295,2.9
Whisper medium,038012_2A_preprocessed,1,Quiero cortarme el pelo,Quiero cortarme el pelo,0.0,0.0,1.0,0.772,0.594,1.3
Whisper medium,038012_2A_preprocessed,2,El libro está en la mesa,El libro está en la mesa,0.0,0.0,1.0,0.767,0.451,1.7
Whisper medium,038012_2A_preprocessed,3,El carro lo tiene Pedro,El carro lo tiene Pedro,0.0,0.0,1.0,0.753,0.471,1.6
Whisper medium,038012_2A_preprocessed,4,El se ducha cada mañana,El se ducha cada mañana,0.0,0.0,1.0,0.762,0.423,1.8
Whisper medium,038012_2A_preprocessed,5,¿Qué dice usted que va a hacer hoy?,¿Qué dice usted que va a hacer hoy?,0.0,0.0,1.0,0.828,0.46,1.8
Whisper medium,038012_2A_preprocessed,6,Dudo que sepa manejar muy bien,Duro seca lezar también,1.0,0.5,0.0,0.994,0.255,3.9
Whisper medium,038012_2A_preprocessed,7,Las calles de esta ciudad son muy anchas,Las calles son de... Los calles son...,0.625,0.575,0.375,0.905,0.146,6.2
Whisper medium,038012_2A_preprocessed,8,Puede que llueva mañana todo el día,Pueblo se quiere acaia,1.0,0.7143,0.0,0.8,0.348,2.3
Whisper medium,038012_2A_preprocessed,9,Las casas son muy bonitas pero caras,Las casas son bonitas pero caras,0.1429,0.1111,0.8571,0.812,0.353,2.3
Whisper medium,038012_2A_preprocessed,10,Me gustan las películas que acaban bien,Me gustan las películas que acaban bien,0.0,0.0,1.0,0.832,0.268,3.1
Whisper medium,038012_2A_preprocessed,11,El chico con el que yo salgo es español,El chico es un bolnario es español,0.5556,0.3077,0.4444,0.883,0.167,5.3
Whisper medium,038012_2A_preprocessed,12,Después de cenar me fui a dormir tranquilo,"Después llegar, dormir...",0.75,0.5714,0.25,0.768,0.118,6.5
Whisper medium,038012_2A_preprocessed,13,Quiero una casa en la que vivan mis animales,Quiero la casa esta a mis animales,0.5556,0.2955,0.4444,0.8,0.19,4.2
Whisper medium,038012_2A_preprocessed,14,A nosotros nos fascinan las fiestas grandiosas,A nosotros fascinabas a los nosotros,0.7143,0.4565,0.2857,0.819,0.171,4.8
Whisper medium,038012_2A_preprocessed,15,Ella sólo bebe cerveza y no come nada,Es el conversino del...,1.0,0.6757,0.0,0.776,0.119,6.5
Whisper medium,038012_2A_preprocessed,16,Me gustaría que el precio de las casas bajara,Me gustaría que los precios estén bien,0.6667,0.4222,0.3333,0.821,0.128,6.4
Whisper medium,038012_2A_preprocessed,17,Cruza a la derecha y después sigue todo recto,Cruzar a la derecha,0.6667,0.6222,0.3333,0.839,0.147,5.7
Whisper medium,038012_2A_preprocessed,18,Ella ha terminado de pintar su apartamento,Ella terminó después del apartamento,0.7143,0.3571,0.2857,0.845,0.146,5.8
Whisper medium,038012_2A_preprocessed,19,Me gustaría que empezara a hacer más calor pronto,Me gustaría hacer pinatas esta... ...gustaria pronto,0.6667,0.4694,0.3333,0.889,0.135,6.6
Whisper medium,038012_2A_preprocessed,20,El niño al que se le murió el gato está triste,"El niño, el niño se le murió el gato, está muy triste",0.2727,0.1957,0.7273,1.009,0.18,5.6
Whisper medium,038012_2A_preprocessed,21,Una amiga mía cuida a los niños de mi vecino,Una amiga picado en mi vecino,0.6,0.4545,0.4,0.803,0.157,5.1
Whisper medium,038012_2A_preprocessed,22,El gato que era negro fue perseguido por el perro,El gato sin el negro y el perro,0.5,0.4694,0.5,0.846,0.13,6.5
Whisper medium,038012_2A_preprocessed,23,Antes de poder salir él tiene que limpiar su cuarto,que es limpiar sus cuartos,0.9,0.6078,0.1,0.795,0.294,2.7
Whisper medium,038012_2A_preprocessed,24,La cantidad de personas que fuman ha disminuido,La cantidad de personas afortunadas,0.5,0.383,0.5,0.804,0.146,5.5
Whisper medium,038012_2A_preprocessed,25,Después de llegar a casa del trabajo tomé la cena,Después de llegar a mi casa voy a la cena,0.4,0.3469,0.6,0.929,0.166,5.6
Whisper medium,038012_2A_preprocessed,26,El ladrón al que atrapó la policía era famoso,La policía era famoso,0.5556,0.5333,0.4444,0.756,0.444,1.7
Whisper medium,038012_2A_preprocessed,27,Le pedí a un amigo que me ayudara con la tarea,Le pedí a una amiga,0.7273,0.6304,0.2727,0.769,0.167,4.6
Whisper medium,038012_2A_preprocessed,28,El examen no fue tan difícil como me habían dicho,Estaría estar no difícil para dar hecha,0.8,0.6327,0.2,0.811,0.169,4.8
Whisper medium,038012_2A_preprocessed,29,¿Serías tan amable de darme el libro que está en la mesa?,¿Qué está en la mesa? ¿Este libro? ¿Santamén?,0.9167,0.6545,0.0833,0.997,0.125,8.0
Whisper medium,038012_2A_preprocessed,30,Hay mucha gente que no toma nada para el desayuno,"Hay mucho ejemplo, pero...",0.9,0.6735,0.1,0.85,0.105,8.1
Whisper medium,038015_1A_preprocessed,1,Quiero cortarme el pelo,Quiero cortarme el pelo,0.0,0.0,1.0,0.834,0.521,1.6
Whisper medium,038015_1A_preprocessed,2,El libro está en la mesa,El libro está en la mesa,0.0,0.0,1.0,0.765,0.478,1.6
Whisper medium,038015_1A_preprocessed,3,El carro lo tiene Pedro,El carro no tiene pelo,0.4,0.1304,0.6,0.752,0.342,2.2
Whisper medium,038015_1A_preprocessed,4,El se ducha cada mañana,El se ducha cada mañana,0.0,0.0,1.0,0.765,0.478,1.6
Whisper medium,038015_1A_preprocessed,5,¿Qué dice usted que va a hacer hoy?,¿Qué dice usted que va a hacer hoy?,0.0,0.0,1.0,0.825,0.393,2.1
Whisper medium,038015_1A_preprocessed,6,Dudo que sepa manejar muy bien,Dudo que sepa manejar bien,0.1667,0.1333,0.8333,0.793,0.417,1.9
Whisper medium,038015_1A_preprocessed,7,Las calles de esta ciudad son muy anchas,Las calles de esta ciudad son muy anchas,0.0,0.0,1.0,0.83,0.244,3.4
Whisper medium,038015_1A_preprocessed,8,Puede que llueva mañana todo el día,Puede que llueva mañana todo el día,0.0,0.0,1.0,0.824,0.412,2.0
Whisper medium,038015_1A_preprocessed,9,Las casas son muy bonitas pero caras,Las casas son muy bonitas pero caras,0.0,0.0,1.0,0.834,0.309,2.7
Whisper medium,038015_1A_preprocessed,10,Me gustan las películas que acaban bien,Me gustan las películas que acaban bien,0.0,0.0,1.0,0.827,0.331,2.5
Whisper medium,038015_1A_preprocessed,11,El chico con el que yo salgo es español,El chico con esto algo es español,0.4444,0.2051,0.5556,0.811,0.3,2.7
Whisper medium,038015_1A_preprocessed,12,Después de cenar me fui a dormir tranquilo,Después de cenar me fui a dormir tranquilo,0.0,0.0,1.0,0.83,0.244,3.4
Whisper medium,038015_1A_preprocessed,13,Quiero una casa en la que vivan mis animales,Quiero una casa en la que vivan mis animales,0.0,0.0,1.0,0.864,0.288,3.0
Whisper medium,038015_1A_preprocessed,14,A nosotros nos fascinan las fiestas grandiosas,A nosotros nos fascinan las fiestas grandes,0.1429,0.087,0.8571,0.863,0.27,3.2
Whisper medium,038015_1A_preprocessed,15,Ella sólo bebe cerveza y no come nada,Ella sólo bebe cerveza y no come nada,0.0,0.0,1.0,0.831,0.245,3.4
Whisper medium,038015_1A_preprocessed,16,Me gustaría que el precio de las casas bajara,Me gustaría las precias cajas,0.6667,0.4444,0.3333,0.783,0.341,2.3
Whisper medium,038015_1A_preprocessed,17,Cruza a la derecha y después sigue todo recto,Cruza a la derecha y sigue todo resto,0.2222,0.2,0.7778,0.829,0.268,3.1
Whisper medium,038015_1A_preprocessed,18,Ella ha terminado de pintar su apartamento,Ella ha terminado de pintar su apartamento,0.0,0.0,1.0,0.842,0.241,3.5
Whisper medium,038015_1A_preprocessed,19,Me gustaría que empezara a hacer más calor pronto,Me gustaría hacer más calor pronto,0.3333,0.3061,0.6667,0.789,0.192,4.1
Whisper medium,038015_1A_preprocessed,20,El niño al que se le murió el gato está triste,El niño que se murió el gato está triste,0.1818,0.1304,0.8182,0.859,0.172,5.0
Whisper medium,038015_1A_preprocessed,21,Una amiga mía cuida a los niños de mi vecino,Una amiga me cuidara a los niños,0.5,0.3864,0.5,0.802,0.297,2.7
Whisper medium,038015_1A_preprocessed,22,El gato que era negro fue perseguido por el perro,El gato negro fuera perseguido por el perro,0.3,0.2041,0.7,0.88,0.275,3.2
Whisper medium,038015_1A_preprocessed,23,Antes de poder salir él tiene que limpiar su cuarto,Antes de salir él tiene que limpiar el cuarto,0.2,0.1569,0.8,0.843,0.192,4.4
Whisper medium,038015_1A_preprocessed,24,La cantidad de personas que fuman ha disminuido,La cantidad de personas que fuman es...,0.25,0.2553,0.75,0.829,0.169,4.9
Whisper medium,038015_1A_preprocessed,25,Después de llegar a casa del trabajo tomé la cena,Después de llegar a la casa del trabajo comé la cena,0.2,0.0816,0.8,0.881,0.169,5.2
Whisper medium,038015_1A_preprocessed,26,El ladrón al que atrapó la policía era famoso,El ladrón que atrapó con la policía era famoso,0.2222,0.1556,0.7778,0.907,0.178,5.1
Whisper medium,038015_1A_preprocessed,27,Le pedí a un amigo que me ayudara con la tarea,Le pedí a un amigo que me ayudara con la tarea,0.0,0.0,1.0,0.917,0.199,4.6
Whisper medium,038015_1A_preprocessed,28,El examen no fue tan difícil como me habían dicho,El prueba no fue difícil como me han dicho,0.3,0.2653,0.7,0.838,0.215,3.9
Whisper medium,038015_1A_preprocessed,29,¿Serías tan amable de darme el libro que está en la mesa?,¿Serías tan amable de darme el libro que está en la mesa?,0.0,0.0,1.0,1.049,0.184,5.7
Whisper medium,038015_1A_preprocessed,30,Hay mucha gente que no toma nada para el desayuno,Hay mucha gente que no toma nada para el desayuno,0.0,0.0,1.0,0.87,0.249,3.5
Whisper large-v2,038010_2A_preprocessed,1,Quiero cortarme el pelo,Quiero cortarme el pelo,0.0,0.0,1.0,256.121,150.66,1.7
Whisper large-v2,038010_2A_preprocessed,2,El libro está en la mesa,El libro está en la mesa.,0.0,0.0,1.0,2.608,1.534,1.7
Whisper large-v2,038010_2A_preprocessed,3,El carro lo tiene Pedro,El carro no tiene pelo.,0.4,0.1304,0.6,1.688,0.889,1.9
Whisper large-v2,038010_2A_preprocessed,4,El se ducha cada mañana,El se ducha cada mañana,0.0,0.0,1.0,1.923,1.069,1.8
Whisper large-v2,038010_2A_preprocessed,5,¿Qué dice usted que va a hacer hoy?,¿Qué dice usted que va a hacer hoy?,0.0,0.0,1.0,2.588,1.035,2.5
Whisper large-v2,038010_2A_preprocessed,6,Dudo que sepa manejar muy bien,Dudo que sepa manejar muy bien,0.0,0.0,1.0,2.303,0.921,2.5
Whisper large-v2,038010_2A_preprocessed,7,Las calles de esta ciudad son muy anchas,Las calles de esta ciudad son muy anchas.,0.0,0.0,1.0,1.664,0.537,3.1
Whisper large-v2,038010_2A_preprocessed,8,Puede que llueva mañana todo el día,Puede que llueva mañana todo el día.,0.0,0.0,1.0,1.666,0.641,2.6
Whisper large-v2,038010_2A_preprocessed,9,Las casas son muy bonitas pero caras,Las casas son muy bonitas pero caras.,0.0,0.0,1.0,1.668,0.371,4.5
Whisper large-v2,038010_2A_preprocessed,10,Me gustan las películas que acaban bien,Me gustan las películas que acaban bien.,0.0,0.0,1.0,1.728,0.665,2.6
Whisper large-v2,038010_2A_preprocessed,11,El chico con el que yo salgo es español,El chico que hago es español,0.4444,0.3077,0.5556,1.548,0.442,3.5
Whisper large-v2,038010_2A_preprocessed,12,Después de cenar me fui a dormir tranquilo,Después de cenar me fui a dormir tranquilo.,0.0,0.0,1.0,1.624,0.464,3.5
Whisper large-v2,038010_2A_preprocessed,13,Quiero una casa en la que vivan mis animales,Quiero una casa en la que vivan animales.,0.1111,0.0909,0.8889,1.651,0.435,3.8
Whisper large-v2,038010_2A_preprocessed,14,A nosotros nos fascinan las fiestas grandiosas,a nosotros,0.7143,0.7826,0.2857,1.436,1.026,1.4
Whisper large-v2,038010_2A_preprocessed,15,Ella sólo bebe cerveza y no come nada,Ella sólo bebe cerveza y no come nada.,0.0,0.0,1.0,1.67,0.328,5.1
Whisper large-v2,038010_2A_preprocessed,16,Me gustaría que el precio de las casas bajara,Me gustaría...,0.7778,0.7556,0.2222,1.488,1.488,1.0
Whisper large-v2,038010_2A_preprocessed,17,Cruza a la derecha y después sigue todo recto,Pulsa a la derecha y después siga recto,0.3333,0.2444,0.6667,1.735,0.369,4.7
Whisper large-v2,038010_2A_preprocessed,18,Ella ha terminado de pintar su apartamento,Ella termina de pintar su apartamento.,0.2857,0.119,0.7143,1.652,0.324,5.1
Whisper large-v2,038010_2A_preprocessed,19,Me gustaría que empezara a hacer más calor pronto,"El niño aquí se murió, el gato. Triste.",1.0,0.7143,0.0,1.771,0.26,6.8
Whisper large-v2,038010_2A_preprocessed,20,El niño al que se le murió el gato está triste,Mi amiga mía cuidó a los niños.,1.0,0.7174,0.0,1.712,0.317,5.4
Whisper large-v2,038010_2A_preprocessed,21,Una amiga mía cuida a los niños de mi vecino,El gato que era negro,1.0,0.7727,0.0,1.669,0.642,2.6
Whisper large-v2,038010_2A_preprocessed,22,El gato que era negro fue perseguido por el perro,"Antes de poder salir, tiene que limpiar su cuarto.",1.0,0.7755,0.0,1.93,0.357,5.4
Whisper large-v2,038010_2A_preprocessed,23,Antes de poder salir él tiene que limpiar su cuarto,La cantidad de personas que fuman,0.9,0.7647,0.1,1.561,0.52,3.0
Whisper large-v2,038010_2A_preprocessed,24,La cantidad de personas que fuman ha disminuido,Después de llegar a casa,0.875,0.766,0.125,1.544,0.572,2.7
Whisper large-v2,038010_2A_preprocessed,25,Después de llegar a casa del trabajo tomé la cena,El ladrón policía era famoso.,1.0,0.7959,0.0,1.658,0.461,3.6
Whisper large-v2,038010_2A_preprocessed,26,El ladrón al que atrapó la policía era famoso,Le pedí a un amigo que ayudara a traerla.,1.0,0.7111,0.0,1.788,0.458,3.9
Whisper large-v2,038010_2A_preprocessed,27,Le pedí a un amigo que me ayudara con la tarea,El examen no tan difícil.,1.0,0.7609,0.0,1.547,0.242,6.4
Whisper large-v2,038010_2A_preprocessed,28,El examen no fue tan difícil como me habían dicho,Amable que está.,1.0,0.8571,0.0,1.49,0.745,2.0
Whisper large-v2,038010_2A_preprocessed,29,¿Serías tan amable de darme el libro que está en la mesa?,El libro que está en la mesa?,0.4167,0.4909,0.5833,1.553,0.817,1.9
Whisper large-v2,038010_2A_preprocessed,30,Hay mucha gente que no toma nada para el desayuno,Hay mucha gente que no toma nada para el desayuno,0.0,0.0,1.0,1.685,0.511,3.3
Whisper large-v2,038011_1A_preprocessed,1,Quiero cortarme el pelo,Quiero cortarme el pelo,0.0,0.0,1.0,1.678,0.839,2.0
Whisper large-v2,038011_1A_preprocessed,2,El libro está en la mesa,El libro está en la mesa.,0.0,0.0,1.0,1.561,0.976,1.6
Whisper large-v2,038011_1A_preprocessed,3,El carro lo tiene Pedro,El carro no tiene Pedro.,0.2,0.0435,0.8,1.525,0.847,1.8
Whisper large-v2,038011_1A_preprocessed,4,El se ducha cada mañana,El se ducha cada mañana,0.0,0.0,1.0,1.526,0.61,2.5
Whisper large-v2,038011_1A_preprocessed,5,¿Qué dice usted que va a hacer hoy?,¿Qué dice usted que va a hacer hoy?,0.0,0.0,1.0,2.028,0.922,2.2
Whisper large-v2,038011_1A_preprocessed,6,Dudo que sepa manejar muy bien,Dudo que sepa manejar bien,0.1667,0.1333,0.8333,1.569,0.506,3.1
Whisper large-v2,038011_1A_preprocessed,7,Las calles de esta ciudad son muy anchas,Los calles en esta ciudad muchas anchas,0.5,0.25,0.5,1.652,0.352,4.7
Whisper large-v2,038011_1A_preprocessed,8,Puede que llueva mañana todo el día,Puede que llueva mañana todo el día.,0.0,0.0,1.0,1.744,0.758,2.3
Whisper large-v2,038011_1A_preprocessed,9,Las casas son muy bonitas pero caras,Las casas son muy bonitas pero caras.,0.0,0.0,1.0,1.691,0.483,3.5
Whisper large-v2,038011_1A_preprocessed,10,Me gustan las películas que acaban bien,Me gustan las películas que acaban bien.,0.0,0.0,1.0,1.687,0.733,2.3
Whisper large-v2,038011_1A_preprocessed,11,El chico con el que yo salgo es español,"El chico conectivo salgo, esta bien?",0.6667,0.4103,0.3333,1.723,0.345,5.0
Whisper large-v2,038011_1A_preprocessed,12,Después de cenar me fui a dormir tranquilo,Después de cenar me fui a poner tranquilo.,0.125,0.0952,0.875,1.677,0.329,5.1
Whisper large-v2,038011_1A_preprocessed,13,Quiero una casa en la que vivan mis animales,Quiero una casa en la que viven mis animales,0.1111,0.0227,0.8889,1.663,0.475,3.5
Whisper large-v2,038011_1A_preprocessed,14,A nosotros nos fascinan las fiestas grandiosas,A nosotros que las fiestas...,0.4286,0.5,0.5714,1.714,0.686,2.5
Whisper large-v2,038011_1A_preprocessed,15,Ella sólo bebe cerveza y no come nada,Ella sólo bebe cerveza y... ...como...,0.375,0.2432,0.625,2.002,0.513,3.9
Whisper large-v2,038011_1A_preprocessed,16,Me gustaría que el precio de las casas bajara,Me gustaría los precios de las caras banadas,0.5556,0.2444,0.4444,1.731,0.275,6.3
Whisper large-v2,038011_1A_preprocessed,17,Cruza a la derecha y después sigue todo recto,Cruza a la derecha y siga derecho,0.4444,0.3333,0.5556,1.668,0.261,6.4
Whisper large-v2,038011_1A_preprocessed,18,Ella ha terminado de pintar su apartamento,Ella ha terminado los apartamento.,0.4286,0.2619,0.5714,1.615,0.288,5.6
Whisper large-v2,038011_1A_preprocessed,19,Me gustaría que empezara a hacer más calor pronto,Me gustaría las hacer pronto.,0.5556,0.4694,0.4444,1.523,0.238,6.4
Whisper large-v2,038011_1A_preprocessed,20,El niño al que se le murió el gato está triste,El niño al que se le murió el gato está triste.,0.0,0.0,1.0,1.77,0.443,4.0
Whisper large-v2,038011_1A_preprocessed,21,Una amiga mía cuida a los niños de mi vecino,Una amiga bien cuida a los niños de mi vecino.,0.1,0.0909,0.9,1.739,0.378,4.6
Whisper large-v2,038011_1A_preprocessed,22,El gato que era negro fue perseguido por el perro,El gato era negro y el perro...,0.4,0.449,0.6,2.839,0.424,6.7
Whisper large-v2,038011_1A_preprocessed,23,Antes de poder salir él tiene que limpiar su cuarto,Antes de que salir puede... ¿Cuarto?,0.6,0.4902,0.4,2.237,0.269,8.3
Whisper large-v2,038011_1A_preprocessed,24,La cantidad de personas que fuman ha disminuido,La cantidad de personas que fuman que ha disminuido.,0.125,0.0851,0.875,1.751,0.398,4.4
Whisper large-v2,038011_1A_preprocessed,25,Después de llegar a casa del trabajo tomé la cena,"Después de llegar a la casa, fui a la cena.",0.4,0.3469,0.6,1.787,0.313,5.7
Whisper large-v2,038011_1A_preprocessed,26,El ladrón al que atrapó la policía era famoso,"Perdón a la policía, eran famoso.",0.6667,0.4222,0.3333,1.689,0.241,7.0
Whisper large-v2,038011_1A_preprocessed,27,Le pedí a un amigo que me ayudara con la tarea,Le pedí a un amigo que ayudara con mi tarea,0.1818,0.1087,0.8182,1.764,0.392,4.5
Whisper large-v2,038011_1A_preprocessed,28,El examen no fue tan difícil como me habían dicho,el examen no fue,0.6,0.6735,0.4,1.563,0.782,2.0
Whisper large-v2,038011_1A_preprocessed,29,¿Serías tan amable de darme el libro que está en la mesa?,Serías amable que lo están...,0.75,0.5636,0.25,2.449,0.816,3.0
Whisper large-v2,038011_1A_preprocessed,30,Hay mucha gente que no toma nada para el desayuno,Hay mucha gente que no tomara el desayuno,0.3,0.1633,0.7,1.684,0.581,2.9
Whisper large-v2,038012_2A_preprocessed,1,Quiero cortarme el pelo,Quiero cortarme el pelo,0.0,0.0,1.0,1.662,1.279,1.3
Whisper large-v2,038012_2A_preprocessed,2,El libro está en la mesa,El libro está en la mesa,0.0,0.0,1.0,1.945,1.144,1.7
Whisper large-v2,038012_2A_preprocessed,3,El carro lo tiene Pedro,El carro lo tiene Pedro,0.0,0.0,1.0,1.519,0.949,1.6
Whisper large-v2,038012_2A_preprocessed,4,El se ducha cada mañana,Él se ducha cada mañana,0.2,0.0435,0.8,1.504,0.836,1.8
Whisper large-v2,038012_2A_preprocessed,5,¿Qué dice usted que va a hacer hoy?,¿Qué dice usted que va a hacer hoy?,0.0,0.0,1.0,2.002,1.112,1.8
Whisper large-v2,038012_2A_preprocessed,6,Dudo que sepa manejar muy bien,Duros de calezar también,1.0,0.5333,0.0,1.576,0.404,3.9
Whisper large-v2,038012_2A_preprocessed,7,Las calles de esta ciudad son muy anchas,La calle Oss... ...senteee... ...los calles.,1.0,0.625,0.0,1.929,0.311,6.2
Whisper large-v2,038012_2A_preprocessed,8,Puede que llueva mañana todo el día,"Pueblo y aquí, así que, en la calle.",1.0,0.8,0.0,1.868,0.812,2.3
Whisper large-v2,038012_2A_preprocessed,9,Las casas son muy bonitas pero caras,Las casas son bonitas pero caras,0.1429,0.1111,0.8571,1.664,0.724,2.3
Whisper large-v2,038012_2A_preprocessed,10,Me gustan las películas que acaban bien,Me gustan las películas de Peckard bien.,0.2857,0.2051,0.7143,1.728,0.557,3.1
Whisper large-v2,038012_2A_preprocessed,11,El chico con el que yo salgo es español,El chico es un ponalio español.,0.6667,0.359,0.3333,1.707,0.322,5.3
Whisper large-v2,038012_2A_preprocessed,12,Después de cenar me fui a dormir tranquilo,"Después, llegar, dormir...",0.75,0.5714,0.25,1.531,0.236,6.5
Whisper large-v2,038012_2A_preprocessed,13,Quiero una casa en la que vivan mis animales,Quiero la casa esta a mis animales.,0.5556,0.2955,0.4444,1.679,0.4,4.2
Whisper large-v2,038012_2A_preprocessed,14,A nosotros nos fascinan las fiestas grandiosas,A nosotros nos fascinaba a los nosotros.,0.5714,0.3913,0.4286,2.596,0.541,4.8
Whisper large-v2,038012_2A_preprocessed,15,Ella sólo bebe cerveza y no come nada,Es el conversinos del doctor.,1.0,0.7568,0.0,1.573,0.242,6.5
Whisper large-v2,038012_2A_preprocessed,16,Me gustaría que el precio de las casas bajara,Me gustaría que los pesos de estas... Ya...,0.5556,0.4,0.4444,1.737,0.271,6.4
Whisper large-v2,038012_2A_preprocessed,17,Cruza a la derecha y después sigue todo recto,Cruzar a la derecha,0.6667,0.6222,0.3333,1.57,0.275,5.7
Whisper large-v2,038012_2A_preprocessed,18,Ella ha terminado de pintar su apartamento,Ha terminado de espaciar su apartamento.,0.2857,0.2381,0.7143,1.66,0.286,5.8
Whisper large-v2,038012_2A_preprocessed,19,Me gustaría que empezara a hacer más calor pronto,Me gustaría hacer pinatas. Esta gustaría pronto.,0.6667,0.4694,0.3333,1.916,0.29,6.6
Whisper large-v2,038012_2A_preprocessed,20,El niño al que se le murió el gato está triste,"El niño, el niño, Sirio gato, está muy triste.",0.6364,0.4348,0.3636,1.887,0.337,5.6
Whisper large-v2,038012_2A_preprocessed,21,Una amiga mía cuida a los niños de mi vecino,Una amiga picó a los niños de mi vecino.,0.2,0.1818,0.8,1.728,0.339,5.1
Whisper large-v2,038012_2A_preprocessed,22,El gato que era negro fue perseguido por el perro,"El gato sí, sí, era negro. Y el perro...",0.5,0.4694,0.5,3.33,0.512,6.5
Whisper large-v2,038012_2A_preprocessed,23,Antes de poder salir él tiene que limpiar su cuarto,Tienes que limpiar tus cuartos,0.8,0.549,0.2,3.553,1.316,2.7
Whisper large-v2,038012_2A_preprocessed,24,La cantidad de personas que fuman ha disminuido,La cantidad de hayas aforzadas por su mas,0.625,0.5532,0.375,2.263,0.411,5.5
Whisper large-v2,038012_2A_preprocessed,25,Después de llegar a casa del trabajo tomé la cena,"Después de llegar a mi casa, fui a la cena.",0.4,0.3469,0.6,1.898,0.339,5.6
Whisper large-v2,038012_2A_preprocessed,26,El ladrón al que atrapó la policía era famoso,y se fue a la policía.,0.7778,0.6222,0.2222,1.593,0.937,1.7
Whisper large-v2,038012_2A_preprocessed,27,Le pedí a un amigo que me ayudara con la tarea,Le pedí a una amiga,0.7273,0.6304,0.2727,1.531,0.333,4.6
Whisper large-v2,038012_2A_preprocessed,28,El examen no fue tan difícil como me habían dicho,"La tarea es no difícil, pero derecha.",0.9,0.6122,0.1,1.675,0.349,4.8
Whisper large-v2,038012_2A_preprocessed,29,¿Serías tan amable de darme el libro que está en la mesa?,Está en la mesa. La es de libro. Está en la mesa.,0.6667,0.4364,0.3333,2.226,0.278,8.0
Whisper large-v2,038012_2A_preprocessed,30,Hay mucha gente que no toma nada para el desayuno,"Hay muchos ejemplos, pero...",0.9,0.6939,0.1,1.746,0.216,8.1
Whisper large-v2,038015_1A_preprocessed,1,Quiero cortarme el pelo,Quiero cortarme el pelo,0.0,0.0,1.0,1.525,0.953,1.6
Whisper large-v2,038015_1A_preprocessed,2,El libro está en la mesa,El libro está en la mesa.,0.0,0.0,1.0,1.583,0.989,1.6
Whisper large-v2,038015_1A_preprocessed,3,El carro lo tiene Pedro,El carro no tiene pelo,0.4,0.1304,0.6,1.875,0.852,2.2
Whisper large-v2,038015_1A_preprocessed,4,El se ducha cada mañana,Él se ducha cada mañana.,0.2,0.0435,0.8,1.548,0.967,1.6
Whisper large-v2,038015_1A_preprocessed,5,¿Qué dice usted que va a hacer hoy?,Qué dice usted que va a hacer hoy?,0.0,0.0,1.0,3.006,1.432,2.1
Whisper large-v2,038015_1A_preprocessed,6,Dudo que sepa manejar muy bien,Dudo que sepa manejar bien,0.1667,0.1333,0.8333,1.946,1.024,1.9
Whisper large-v2,038015_1A_preprocessed,7,Las calles de esta ciudad son muy anchas,Las calles de esta ciudad son muy anchas,0.0,0.0,1.0,1.869,0.55,3.4
Whisper large-v2,038015_1A_preprocessed,8,Puede que llueva mañana todo el día,Puede que llueva mañana todo el día.,0.0,0.0,1.0,1.728,0.864,2.0
Whisper large-v2,038015_1A_preprocessed,9,Las casas son muy bonitas pero caras,Las casas son muy bonitas pero caras,0.0,0.0,1.0,1.621,0.6,2.7
Whisper large-v2,038015_1A_preprocessed,10,Me gustan las películas que acaban bien,Me gustan las películas que acaban bien,0.0,0.0,1.0,1.695,0.678,2.5
Whisper large-v2,038015_1A_preprocessed,11,El chico con el que yo salgo es español,El chico con esto hago es español.,0.4444,0.2308,0.5556,1.688,0.625,2.7
Whisper large-v2,038015_1A_preprocessed,12,Después de cenar me fui a dormir tranquilo,Después de cenar me fui a dormir tranquilo,0.0,0.0,1.0,1.644,0.483,3.4
Whisper large-v2,038015_1A_preprocessed,13,Quiero una casa en la que vivan mis animales,Quiero una casa en la que vivan mis animales.,0.0,0.0,1.0,1.703,0.568,3.0
Whisper large-v2,038015_1A_preprocessed,14,A nosotros nos fascinan las fiestas grandiosas,A nosotros nos fascinan las fiestas grandes.,0.1429,0.087,0.8571,1.74,0.544,3.2
Whisper large-v2,038015_1A_preprocessed,15,Ella sólo bebe cerveza y no come nada,Ella sólo bebe cerveza y no come nada.,0.0,0.0,1.0,1.656,0.487,3.4
Whisper large-v2,038015_1A_preprocessed,16,Me gustaría que el precio de las casas bajara,Me gustaría las precias cajas,0.6667,0.4444,0.3333,1.585,0.689,2.3
Whisper large-v2,038015_1A_preprocessed,17,Cruza a la derecha y después sigue todo recto,Cruza a la derecha y sigue el todo resto.,0.3333,0.2667,0.6667,1.688,0.545,3.1
Whisper large-v2,038015_1A_preprocessed,18,Ella ha terminado de pintar su apartamento,Ello ha terminado de pintar su apartamento.,0.1429,0.0238,0.8571,1.681,0.48,3.5
Whisper large-v2,038015_1A_preprocessed,19,Me gustaría que empezara a hacer más calor pronto,Me gustaría hacer más calor pronto,0.3333,0.3061,0.6667,1.532,0.374,4.1
Whisper large-v2,038015_1A_preprocessed,20,El niño al que se le murió el gato está triste,El niño que se murió el gato y está triste,0.2727,0.1739,0.7273,1.69,0.338,5.0
Whisper large-v2,038015_1A_preprocessed,21,Una amiga mía cuida a los niños de mi vecino,Una amiga me cuidaba a los niños,0.5,0.3864,0.5,1.571,0.582,2.7
Whisper large-v2,038015_1A_preprocessed,22,El gato que era negro fue perseguido por el perro,El gato negro fue perseguido por el perro.,0.2,0.1633,0.8,1.708,0.534,3.2
Whisper large-v2,038015_1A_preprocessed,23,Antes de poder salir él tiene que limpiar su cuarto,antes de tiene salir limpiar el cuarto,0.5,0.3922,0.5,1.592,0.362,4.4
Whisper large-v2,038015_1A_preprocessed,24,La cantidad de personas que fuman ha disminuido,La cantidad de personas que fuman es...,0.25,0.2553,0.75,1.589,0.324,4.9
Whisper large-v2,038015_1A_preprocessed,25,Después de llegar a casa del trabajo tomé la cena,"Después de llegar a la casa del trabajo, comí la cena.",0.2,0.102,0.8,1.749,0.336,5.2
Whisper large-v2,038015_1A_preprocessed,26,El ladrón al que atrapó la policía era famoso,El ladrón al que atrapó la policía era famoso,0.0,0.0,1.0,1.743,0.342,5.1
Whisper large-v2,038015_1A_preprocessed,27,Le pedí a un amigo que me ayudara con la tarea,Le pedí a un amigo que me ayudara con la tarea,0.0,0.0,1.0,1.754,0.381,4.6
Whisper large-v2,038015_1A_preprocessed,28,El examen no fue tan difícil como me habían dicho,el pruebo no fue difícil me han dicho,0.4,0.3673,0.6,1.643,0.421,3.9
Whisper large-v2,038015_1A_preprocessed,29,¿Serías tan amable de darme el libro que está en la mesa?,Serías tan amable de darme el libro que está en la mesa?,0.0,0.0,1.0,1.941,0.341,5.7
Whisper large-v2,038015_1A_preprocessed,30,Hay mucha gente que no toma nada para el desayuno,Hay mucha gente que no toma nada para el desayuno,0.0,0.0,1.0,1.705,0.487,3.5
Whisper large-v3,038010_2A_preprocessed,1,Quiero cortarme el pelo,quiero cortarme el pelo,0.0,0.0,1.0,11.896,6.998,1.7
Whisper large-v3,038010_2A_preprocessed,2,El libro está en la mesa,El libro está en la mesa.,0.0,0.0,1.0,1.517,0.892,1.7
Whisper large-v3,038010_2A_preprocessed,3,El carro lo tiene Pedro,El carro lo tiene Pedro,0.0,0.0,1.0,1.458,0.768,1.9
Whisper large-v3,038010_2A_preprocessed,4,El se ducha cada mañana,el se ducha cada mañana,0.0,0.0,1.0,1.522,0.846,1.8
Whisper large-v3,038010_2A_preprocessed,5,¿Qué dice usted que va a hacer hoy?,¿Qué dice usted que va a hacer hoy?,0.0,0.0,1.0,1.604,0.642,2.5
Whisper large-v3,038010_2A_preprocessed,6,Dudo que sepa manejar muy bien,todo que sepan manejar muy bien,0.3333,0.1,0.6667,1.551,0.621,2.5
Whisper large-v3,038010_2A_preprocessed,7,Las calles de esta ciudad son muy anchas,las calles de esta ciudad son muy anchas,0.0,0.0,1.0,1.615,0.521,3.1
Whisper large-v3,038010_2A_preprocessed,8,Puede que llueva mañana todo el día,puede que llueva mañana todo el día,0.0,0.0,1.0,1.585,0.61,2.6
Whisper large-v3,038010_2A_preprocessed,9,Las casas son muy bonitas pero caras,las casas son muy bonitas pero caras,0.0,0.0,1.0,1.62,0.36,4.5
Whisper large-v3,038010_2A_preprocessed,10,Me gustan las películas que acaban bien,Me gustan las películas que acaban bien.,0.0,0.0,1.0,1.657,0.637,2.6
Whisper large-v3,038010_2A_preprocessed,11,El chico con el que yo salgo es español,el chico que algo es español,0.4444,0.2821,0.5556,1.559,0.446,3.5
Whisper large-v3,038010_2A_preprocessed,12,Después de cenar me fui a dormir tranquilo,Después de cenar me fui a dormir tranquilo.,0.0,0.0,1.0,1.684,0.481,3.5
Whisper large-v3,038010_2A_preprocessed,13,Quiero una casa en la que vivan mis animales,quiero una casa en la que vivan animales,0.1111,0.0909,0.8889,1.615,0.425,3.8
Whisper large-v3,038010_2A_preprocessed,14,A nosotros nos fascinan las fiestas grandiosas,a nosotros,0.7143,0.7826,0.2857,1.404,1.003,1.4
Whisper large-v3,038010_2A_preprocessed,15,Ella sólo bebe cerveza y no come nada,Ella solo bebe cerveza y no come nada.,0.125,0.027,0.875,1.675,0.328,5.1
Whisper large-v3,038010_2A_preprocessed,16,Me gustaría que el precio de las casas bajara,me gustaría,0.7778,0.7556,0.2222,1.393,1.393,1.0
Whisper large-v3,038010_2A_preprocessed,17,Cruza a la derecha y después sigue todo recto,fuerza a la derecha y después sigue recto,0.2222,0.2,0.7778,1.605,0.341,4.7
Whisper large-v3,038010_2A_preprocessed,18,Ella ha terminado de pintar su apartamento,Ella terminar pintar su apartamento,0.4286,0.1905,0.5714,1.543,0.303,5.1
Whisper large-v3,038010_2A_preprocessed,19,Me gustaría que empezara a hacer más calor pronto,El niño a que se murió el gato triste,1.0,0.6735,0.0,1.655,0.243,6.8
Whisper large-v3,038010_2A_preprocessed,20,El niño al que se le murió el gato está triste,amiga mía cuidado los niños,1.0,0.7609,0.0,1.751,0.324,5.4
Whisper large-v3,038010_2A_preprocessed,21,Una amiga mía cuida a los niños de mi vecino,el gato que era negro,1.0,0.7727,0.0,1.53,0.588,2.6
Whisper large-v3,038010_2A_preprocessed,22,El gato que era negro fue perseguido por el perro,antes de poder salir tiene que limpiar su cuarto,1.0,0.7755,0.0,1.707,0.316,5.4
Whisper large-v3,038010_2A_preprocessed,23,Antes de poder salir él tiene que limpiar su cuarto,la cantidad d personas que fuman,0.9,0.7843,0.1,1.627,0.542,3.0
Whisper large-v3,038010_2A_preprocessed,24,La cantidad de personas que fuman ha disminuido,despues de llegar a casa,0.875,0.766,0.125,1.535,0.568,2.7
Whisper large-v3,038010_2A_preprocessed,25,Después de llegar a casa del trabajo tomé la cena,el ladrón policía era famoso,1.0,0.7959,0.0,1.643,0.456,3.6
Whisper large-v3,038010_2A_preprocessed,26,El ladrón al que atrapó la policía era famoso,le pedí un amigo que ayudará a traer,1.0,0.7111,0.0,1.842,0.472,3.9
Whisper large-v3,038010_2A_preprocessed,27,Le pedí a un amigo que me ayudara con la tarea,examen no tan difícil,1.0,0.7826,0.0,1.792,0.28,6.4
Whisper large-v3,038010_2A_preprocessed,28,El examen no fue tan difícil como me habían dicho,amable que está,1.0,0.8571,0.0,1.97,0.985,2.0
Whisper large-v3,038010_2A_preprocessed,29,¿Serías tan amable de darme el libro que está en la mesa?,¿El libro que está en la mesa?,0.4167,0.4909,0.5833,2.604,1.37,1.9
Whisper large-v3,038010_2A_preprocessed,30,Hay mucha gente que no toma nada para el desayuno,Hay mucha gente que no toma nada para el desayuno.,0.0,0.0,1.0,2.916,0.884,3.3
Whisper large-v3,038011_1A_preprocessed,1,Quiero cortarme el pelo,quiero cortarme el pelo,0.0,0.0,1.0,3.004,1.502,2.0
Whisper large-v3,038011_1A_preprocessed,2,El libro está en la mesa,El libro está en la mesa.,0.0,0.0,1.0,2.052,1.283,1.6
Whisper large-v3,038011_1A_preprocessed,3,El carro lo tiene Pedro,el carro no tiene Pedro,0.2,0.0435,0.8,2.322,1.29,1.8
Whisper large-v3,038011_1A_preprocessed,4,El se ducha cada mañana,ahora se ducha cada mañana,0.2,0.2174,0.8,2.54,1.016,2.5
Whisper large-v3,038011_1A_preprocessed,5,¿Qué dice usted que va a hacer hoy?,¿Qué dice usted que va a hacer hoy?,0.0,0.0,1.0,3.113,1.415,2.2
Whisper large-v3,038011_1A_preprocessed,6,Dudo que sepa manejar muy bien,tuvo que se manejar bien,0.5,0.2667,0.5,2.286,0.737,3.1
Whisper large-v3,038011_1A_preprocessed,7,Las calles de esta ciudad son muy anchas,las calles han salido muchas años,0.75,0.5,0.25,2.382,0.507,4.7
Whisper large-v3,038011_1A_preprocessed,8,Puede que llueva mañana todo el día,puede que llueva mañana todo el día,0.0,0.0,1.0,2.311,1.005,2.3
Whisper large-v3,038011_1A_preprocessed,9,Las casas son muy bonitas pero caras,las casas son muy bonitas pero caras,0.0,0.0,1.0,2.254,0.644,3.5
Whisper large-v3,038011_1A_preprocessed,10,Me gustan las películas que acaban bien,Me gustan las películas que acaban bien.,0.0,0.0,1.0,2.463,1.071,2.3
Whisper large-v3,038011_1A_preprocessed,11,El chico con el que yo salgo es español,el chico conectivo salgo está bien,0.6667,0.4103,0.3333,2.67,0.534,5.0
Whisper large-v3,038011_1A_preprocessed,12,Después de cenar me fui a dormir tranquilo,Después de cenar me fui a poner tranquilo.,0.125,0.0952,0.875,2.54,0.498,5.1
Whisper large-v3,038011_1A_preprocessed,13,Quiero una casa en la que vivan mis animales,quiero una casa que vivan a mis animales,0.3333,0.1818,0.6667,2.519,0.72,3.5
Whisper large-v3,038011_1A_preprocessed,14,A nosotros nos fascinan las fiestas grandiosas,a nosotros que las fiestas,0.4286,0.5,0.5714,2.132,0.853,2.5
Whisper large-v3,038011_1A_preprocessed,15,Ella sólo bebe cerveza y no come nada,ella es toda la cerveza y... como...,0.75,0.4595,0.25,2.288,0.587,3.9
Whisper large-v3,038011_1A_preprocessed,16,Me gustaría que el precio de las casas bajara,Me gustaría los precios de las caras para nada,0.6667,0.3111,0.3333,2.134,0.339,6.3
Whisper large-v3,038011_1A_preprocessed,17,Cruza a la derecha y después sigue todo recto,cruza a la derecha y sigue derecho,0.3333,0.2889,0.6667,2.019,0.316,6.4
Whisper large-v3,038011_1A_preprocessed,18,Ella ha terminado de pintar su apartamento,Ella ha terminado los apartamentos,0.5714,0.2857,0.4286,1.98,0.354,5.6
Whisper large-v3,038011_1A_preprocessed,19,Me gustaría que empezara a hacer más calor pronto,me gustaría las hacer pronto,0.5556,0.4694,0.4444,1.892,0.296,6.4
Whisper large-v3,038011_1A_preprocessed,20,El niño al que se le murió el gato está triste,el niño que se murió el gato está triste,0.1818,0.1304,0.8182,2.076,0.519,4.0
Whisper large-v3,038011_1A_preprocessed,21,Una amiga mía cuida a los niños de mi vecino,una amiga viene cuidar a los niños de mi vecino,0.2,0.1364,0.8,2.023,0.44,4.6
Whisper large-v3,038011_1A_preprocessed,22,El gato que era negro fue perseguido por el perro,el gato era negro y el perro,0.4,0.449,0.6,2.189,0.327,6.7
Whisper large-v3,038011_1A_preprocessed,23,Antes de poder salir él tiene que limpiar su cuarto,antes de que salir puede cuarto,0.6,0.4902,0.4,1.868,0.225,8.3
Whisper large-v3,038011_1A_preprocessed,24,La cantidad de personas que fuman ha disminuido,la cantidad de las personas fuman que me salido,0.625,0.383,0.375,1.985,0.451,4.4
Whisper large-v3,038011_1A_preprocessed,25,Después de llegar a casa del trabajo tomé la cena,después de llegar a casa fui a la cena,0.3,0.2857,0.7,2.195,0.385,5.7
Whisper large-v3,038011_1A_preprocessed,26,El ladrón al que atrapó la policía era famoso,perdón a la policía eran famoso,0.6667,0.4222,0.3333,1.99,0.284,7.0
Whisper large-v3,038011_1A_preprocessed,27,Le pedí a un amigo que me ayudara con la tarea,le pedí a un amigo que ayudara con mi tarea,0.1818,0.1087,0.8182,2.085,0.463,4.5
Whisper large-v3,038011_1A_preprocessed,28,El examen no fue tan difícil como me habían dicho,el examen no fue,0.6,0.6735,0.4,1.822,0.911,2.0
Whisper large-v3,038011_1A_preprocessed,29,¿Serías tan amable de darme el libro que está en la mesa?,Serías amable que lo están.,0.75,0.5636,0.25,2.359,0.786,3.0
Whisper large-v3,038011_1A_preprocessed,30,Hay mucha gente que no toma nada para el desayuno,hay mucha gente que no tomara el desayuno,0.3,0.1633,0.7,1.891,0.652,2.9
Whisper large-v3,038012_2A_preprocessed,1,Quiero cortarme el pelo,quiero cortar,0.75,0.4348,0.25,1.702,1.309,1.3
Whisper large-v3,038012_2A_preprocessed,2,El libro está en la mesa,El libro está en la mesa,0.0,0.0,1.0,1.974,1.161,1.7
Whisper large-v3,038012_2A_preprocessed,3,El carro lo tiene Pedro,el carro lo tiene Pedro,0.0,0.0,1.0,2.514,1.571,1.6
Whisper large-v3,038012_2A_preprocessed,4,El se ducha cada mañana,él se ducha cada mañana,0.2,0.0435,0.8,2.169,1.205,1.8
Whisper large-v3,038012_2A_preprocessed,5,¿Qué dice usted que va a hacer hoy?,¿Qué dice usted que va a hacer hoy?,0.0,0.0,1.0,2.125,1.18,1.8
Whisper large-v3,038012_2A_preprocessed,6,Dudo que sepa manejar muy bien,duro secalesar también,1.0,0.5333,0.0,1.908,0.489,3.9
Whisper large-v3,038012_2A_preprocessed,7,Las calles de esta ciudad son muy anchas,La calle Sentee Los calles Andes,1.0,0.6,0.0,2.114,0.341,6.2
Whisper large-v3,038012_2A_preprocessed,8,Puede que llueva mañana todo el día,El pueblo se quiere ir a calle,1.0,0.7714,0.0,1.927,0.838,2.3
Whisper large-v3,038012_2A_preprocessed,9,Las casas son muy bonitas pero caras,las casas son bonitas pero caras,0.1429,0.1111,0.8571,2.099,0.913,2.3
Whisper large-v3,038012_2A_preprocessed,10,Me gustan las películas que acaban bien,me gustan las películas que acaban bien,0.0,0.0,1.0,2.041,0.659,3.1
Whisper large-v3,038012_2A_preprocessed,11,El chico con el que yo salgo es español,el chico es un bonal yo es español,0.4444,0.3077,0.5556,2.158,0.407,5.3
Whisper large-v3,038012_2A_preprocessed,12,Después de cenar me fui a dormir tranquilo,"después llegar, dormir",0.75,0.5714,0.25,1.881,0.289,6.5
Whisper large-v3,038012_2A_preprocessed,13,Quiero una casa en la que vivan mis animales,Quiero la casa esta a mi animales,0.6667,0.3182,0.3333,2.035,0.485,4.2
Whisper large-v3,038012_2A_preprocessed,14,A nosotros nos fascinan las fiestas grandiosas,A nosotros nos fascinan los nosotros,0.4286,0.3261,0.5714,2.679,0.558,4.8
Whisper large-v3,038012_2A_preprocessed,15,Ella sólo bebe cerveza y no come nada,es el converse y nos del,0.875,0.6486,0.125,1.756,0.27,6.5
Whisper large-v3,038012_2A_preprocessed,16,Me gustaría que el precio de las casas bajara,me gustaría que los pesos bestia,0.6667,0.4444,0.3333,1.919,0.3,6.4
Whisper large-v3,038012_2A_preprocessed,17,Cruza a la derecha y después sigue todo recto,cruzar a la derecha,0.6667,0.6222,0.3333,1.864,0.327,5.7
Whisper large-v3,038012_2A_preprocessed,18,Ella ha terminado de pintar su apartamento,He terminado el apartamento,0.7143,0.4048,0.2857,1.843,0.318,5.8
Whisper large-v3,038012_2A_preprocessed,19,Me gustaría que empezara a hacer más calor pronto,me gustaría hacer pingatas esta... gustaría pronto,0.6667,0.4898,0.3333,2.15,0.326,6.6
Whisper large-v3,038012_2A_preprocessed,20,El niño al que se le murió el gato está triste,el niño sirio gato es tan muy triste,0.7273,0.5217,0.2727,1.838,0.328,5.6
Whisper large-v3,038012_2A_preprocessed,21,Una amiga mía cuida a los niños de mi vecino,una amiga picado en mi vecino,0.6,0.4545,0.4,1.995,0.391,5.1
Whisper large-v3,038012_2A_preprocessed,22,El gato que era negro fue perseguido por el perro,el gato se llenó de señas negras y el perro,0.6,0.4898,0.4,2.767,0.426,6.5
Whisper large-v3,038012_2A_preprocessed,23,Antes de poder salir él tiene que limpiar su cuarto,que se limpiar tus cuartos,0.9,0.6275,0.1,2.201,0.815,2.7
Whisper large-v3,038012_2A_preprocessed,24,La cantidad de personas que fuman ha disminuido,La cantidad de personas que han sido asesinadas,0.375,0.3191,0.625,2.476,0.45,5.5
Whisper large-v3,038012_2A_preprocessed,25,Después de llegar a casa del trabajo tomé la cena,después de llegar a mi casa voy a la cena,0.4,0.3469,0.6,2.266,0.405,5.6
Whisper large-v3,038012_2A_preprocessed,26,El ladrón al que atrapó la policía era famoso,la policía era famoso,0.5556,0.5333,0.4444,1.943,1.143,1.7
Whisper large-v3,038012_2A_preprocessed,27,Le pedí a un amigo que me ayudara con la tarea,le pedí de una amiga,0.8182,0.6739,0.1818,2.017,0.439,4.6
Whisper large-v3,038012_2A_preprocessed,28,El examen no fue tan difícil como me habían dicho,esta tarea es difícil para la derecha,0.9,0.6531,0.1,2.014,0.42,4.8
Whisper large-v3,038012_2A_preprocessed,29,¿Serías tan amable de darme el libro que está en la mesa?,¿Qué está en la mesa? ¿La es... de libro? ¿Som... santa nena?,1.0,0.6182,0.0,2.983,0.373,8.0
Whisper large-v3,038012_2A_preprocessed,30,Hay mucha gente que no toma nada para el desayuno,"Hay muchos ejemplos, pero...",0.9,0.6939,0.1,2.092,0.258,8.1
Whisper large-v3,038015_1A_preprocessed,1,Quiero cortarme el pelo,Quiero cortarme el pelo,0.0,0.0,1.0,2.228,1.393,1.6
Whisper large-v3,038015_1A_preprocessed,2,El libro está en la mesa,El libro está en la mesa,0.0,0.0,1.0,1.905,1.19,1.6
Whisper large-v3,038015_1A_preprocessed,3,El carro lo tiene Pedro,el carro no tiene pelo,0.4,0.1304,0.6,2.022,0.919,2.2
Whisper large-v3,038015_1A_preprocessed,4,El se ducha cada mañana,Él se ducha cada mañana.,0.2,0.0435,0.8,1.947,1.217,1.6
Whisper large-v3,038015_1A_preprocessed,5,¿Qué dice usted que va a hacer hoy?,¿Qué dice usted que va a hacer hoy?,0.0,0.0,1.0,2.16,1.028,2.1
Whisper large-v3,038015_1A_preprocessed,6,Dudo que sepa manejar muy bien,tuvo que sepa manejar bien,0.3333,0.2,0.6667,1.927,1.014,1.9
Whisper large-v3,038015_1A_preprocessed,7,Las calles de esta ciudad son muy anchas,Las calles de esta ciudad son muy anchas,0.0,0.0,1.0,2.01,0.591,3.4
Whisper large-v3,038015_1A_preprocessed,8,Puede que llueva mañana todo el día,puede que llueva mañana todo el día,0.0,0.0,1.0,1.928,0.964,2.0
Whisper large-v3,038015_1A_preprocessed,9,Las casas son muy bonitas pero caras,las casas son muy bonitas pero caras,0.0,0.0,1.0,2.124,0.787,2.7
Whisper large-v3,038015_1A_preprocessed,10,Me gustan las películas que acaban bien,Me gustan las películas que acaban bien,0.0,0.0,1.0,2.103,0.841,2.5
Whisper large-v3,038015_1A_preprocessed,11,El chico con el que yo salgo es español,el chico con esto algo es español,0.4444,0.2051,0.5556,2.138,0.792,2.7
Whisper large-v3,038015_1A_preprocessed,12,Después de cenar me fui a dormir tranquilo,Después de cenar me fui a dormir tranquilo,0.0,0.0,1.0,2.283,0.671,3.4
Whisper large-v3,038015_1A_preprocessed,13,Quiero una casa en la que vivan mis animales,Quiero una casa en la que vivan mis animales,0.0,0.0,1.0,2.173,0.724,3.0
Whisper large-v3,038015_1A_preprocessed,14,A nosotros nos fascinan las fiestas grandiosas,A nosotros nos fascinan las fiestas grandes,0.1429,0.087,0.8571,2.541,0.794,3.2
Whisper large-v3,038015_1A_preprocessed,15,Ella sólo bebe cerveza y no come nada,Ella solo bebe cerveza y come nada,0.25,0.1081,0.75,1.947,0.573,3.4
Whisper large-v3,038015_1A_preprocessed,16,Me gustaría que el precio de las casas bajara,me gustaría las preciosas cajas,0.6667,0.4222,0.3333,1.963,0.854,2.3
Whisper large-v3,038015_1A_preprocessed,17,Cruza a la derecha y después sigue todo recto,cruza a la derecha y sigue el todo resto,0.3333,0.2667,0.6667,2.006,0.647,3.1
Whisper large-v3,038015_1A_preprocessed,18,Ella ha terminado de pintar su apartamento,ello ha terminado asistente a su apartamento,0.4286,0.2381,0.5714,1.915,0.547,3.5
Whisper large-v3,038015_1A_preprocessed,19,Me gustaría que empezara a hacer más calor pronto,Me gustaría hacer más calor pronto,0.3333,0.3061,0.6667,1.758,0.429,4.1
Whisper large-v3,038015_1A_preprocessed,20,El niño al que se le murió el gato está triste,al niño que se murió el gato y está triste,0.3636,0.1957,0.6364,1.961,0.392,5.0
Whisper large-v3,038015_1A_preprocessed,21,Una amiga mía cuida a los niños de mi vecino,una amiga me cuidó a los niños,0.5,0.3636,0.5,1.98,0.733,2.7
Whisper large-v3,038015_1A_preprocessed,22,El gato que era negro fue perseguido por el perro,el gato negro fuera perseguido por el perro,0.3,0.2041,0.7,2.19,0.684,3.2
Whisper large-v3,038015_1A_preprocessed,23,Antes de poder salir él tiene que limpiar su cuarto,antes de salir limpiar el cuarto,0.5,0.4118,0.5,1.842,0.419,4.4
Whisper large-v3,038015_1A_preprocessed,24,La cantidad de personas que fuman ha disminuido,la cantidad de personas que fuman es,0.25,0.2553,0.75,2.042,0.417,4.9
Whisper large-v3,038015_1A_preprocessed,25,Después de llegar a casa del trabajo tomé la cena,"Después de llegar a la casa después del trabajo, comé la cena.",0.3,0.2449,0.7,2.369,0.456,5.2
Whisper large-v3,038015_1A_preprocessed,26,El ladrón al que atrapó la policía era famoso,el ladrón que atrapó con la policía era famoso,0.2222,0.1556,0.7778,2.218,0.435,5.1
Whisper large-v3,038015_1A_preprocessed,27,Le pedí a un amigo que me ayudara con la tarea,le pedí a un amigo que me ayudara con la tarea,0.0,0.0,1.0,2.148,0.467,4.6
Whisper large-v3,038015_1A_preprocessed,28,El examen no fue tan difícil como me habían dicho,el prueba no fue difícil me han dicho,0.4,0.3673,0.6,2.119,0.543,3.9
Whisper large-v3,038015_1A_preprocessed,29,¿Serías tan amable de darme el libro que está en la mesa?,Serías tan amable de darme el libro que está en la mesa?,0.0,0.0,1.0,2.569,0.451,5.7
Whisper large-v3,038015_1A_preprocessed,30,Hay mucha gente que no toma nada para el desayuno,hay mucha gente que no toma nada para el desayuno,0.0,0.0,1.0,2.543,0.727,3.5
Whisper large-v3-turbo,038010_2A_preprocessed,1,Quiero cortarme el pelo,Quiero cortarme el pelo,0.0,0.0,1.0,125.121,73.6,1.7
Whisper large-v3-turbo,038010_2A_preprocessed,2,El libro está en la mesa,El libro está en la mesa,0.0,0.0,1.0,1.124,0.661,1.7
Whisper large-v3-turbo,038010_2A_preprocessed,3,El carro lo tiene Pedro,El carro lo tiene pelo,0.2,0.087,0.8,1.124,0.592,1.9
Whisper large-v3-turbo,038010_2A_preprocessed,4,El se ducha cada mañana,El se ducha cada mañana,0.0,0.0,1.0,1.128,0.627,1.8
Whisper large-v3-turbo,038010_2A_preprocessed,5,¿Qué dice usted que va a hacer hoy?,¿Qué dice usted que va a hacer hoy?,0.0,0.0,1.0,1.158,0.463,2.5
Whisper large-v3-turbo,038010_2A_preprocessed,6,Dudo que sepa manejar muy bien,Dudo que sepa manejar muy bien,0.0,0.0,1.0,1.143,0.457,2.5
Whisper large-v3-turbo,038010_2A_preprocessed,7,Las calles de esta ciudad son muy anchas,Las calles de esta ciudad son muy anchas,0.0,0.0,1.0,1.147,0.37,3.1
Whisper large-v3-turbo,038010_2A_preprocessed,8,Puede que llueva mañana todo el día,Puede que llueva mañana todo el día,0.0,0.0,1.0,1.154,0.444,2.6
Whisper large-v3-turbo,038010_2A_preprocessed,9,Las casas son muy bonitas pero caras,Las casas son muy bonitas pero caras,0.0,0.0,1.0,1.161,0.258,4.5
Whisper large-v3-turbo,038010_2A_preprocessed,10,Me gustan las películas que acaban bien,Me gustan las películas que acaban bien,0.0,0.0,1.0,1.15,0.442,2.6
Whisper large-v3-turbo,038010_2A_preprocessed,11,El chico con el que yo salgo es español,El chico que hago es español,0.4444,0.3077,0.5556,1.134,0.324,3.5
Whisper large-v3-turbo,038010_2A_preprocessed,12,Después de cenar me fui a dormir tranquilo,Después de cenar me fui a dormir tranquilo,0.0,0.0,1.0,1.148,0.328,3.5
Whisper large-v3-turbo,038010_2A_preprocessed,13,Quiero una casa en la que vivan mis animales,Quiero una casa en la que vivan animales,0.1111,0.0909,0.8889,1.146,0.302,3.8
Whisper large-v3-turbo,038010_2A_preprocessed,14,A nosotros nos fascinan las fiestas grandiosas,A nosotros,0.7143,0.7826,0.2857,1.103,0.788,1.4
Whisper large-v3-turbo,038010_2A_preprocessed,15,Ella sólo bebe cerveza y no come nada,Ella sólo bebe cerveza y no come nada,0.0,0.0,1.0,1.15,0.226,5.1
Whisper large-v3-turbo,038010_2A_preprocessed,16,Me gustaría que el precio de las casas bajara,Me gustaría,0.7778,0.7556,0.2222,1.099,1.099,1.0
Whisper large-v3-turbo,038010_2A_preprocessed,17,Cruza a la derecha y después sigue todo recto,Cruza a la derecha y después sigue recto,0.1111,0.1111,0.8889,1.158,0.246,4.7
Whisper large-v3-turbo,038010_2A_preprocessed,18,Ella ha terminado de pintar su apartamento,Ella terminar pintar su apartamento,0.4286,0.1905,0.5714,1.13,0.222,5.1
Whisper large-v3-turbo,038010_2A_preprocessed,19,Me gustaría que empezara a hacer más calor pronto,El niño a que se murió el gato triste,1.0,0.6735,0.0,1.156,0.17,6.8
Whisper large-v3-turbo,038010_2A_preprocessed,20,El niño al que se le murió el gato está triste,una amiga mía cuidaron los niños,1.0,0.7609,0.0,1.139,0.211,5.4
Whisper large-v3-turbo,038010_2A_preprocessed,21,Una amiga mía cuida a los niños de mi vecino,El gato quiere negro,1.0,0.7727,0.0,1.125,0.433,2.6
Whisper large-v3-turbo,038010_2A_preprocessed,22,El gato que era negro fue perseguido por el perro,antes de poder salir tiene que limpiar su gato,1.0,0.7755,0.0,1.156,0.214,5.4
Whisper large-v3-turbo,038010_2A_preprocessed,23,Antes de poder salir él tiene que limpiar su cuarto,la cantidad de personas que fuman,0.9,0.7647,0.1,1.141,0.38,3.0
Whisper large-v3-turbo,038010_2A_preprocessed,24,La cantidad de personas que fuman ha disminuido,después de llegar a casa,0.875,0.766,0.125,1.124,0.416,2.7
Whisper large-v3-turbo,038010_2A_preprocessed,25,Después de llegar a casa del trabajo tomé la cena,El ladrón policía era famoso,1.0,0.7959,0.0,1.15,0.319,3.6
Whisper large-v3-turbo,038010_2A_preprocessed,26,El ladrón al que atrapó la policía era famoso,¿Puedo pedir un amigo que ayudará a traer?,1.0,0.7556,0.0,1.171,0.3,3.9
Whisper large-v3-turbo,038010_2A_preprocessed,27,Le pedí a un amigo que me ayudara con la tarea,Examen no tan difícil,1.0,0.7826,0.0,1.123,0.175,6.4
Whisper large-v3-turbo,038010_2A_preprocessed,28,El examen no fue tan difícil como me habían dicho,Amable que esta,1.0,0.8367,0.0,1.121,0.561,2.0
Whisper large-v3-turbo,038010_2A_preprocessed,29,¿Serías tan amable de darme el libro que está en la mesa?,El libro que está en la mesa.,0.4167,0.4909,0.5833,1.145,0.602,1.9
Whisper large-v3-turbo,038010_2A_preprocessed,30,Hay mucha gente que no toma nada para el desayuno,Hay mucha gente que no toma nada para desayuno,0.1,0.0612,0.9,1.158,0.351,3.3
Whisper large-v3-turbo,038011_1A_preprocessed,1,Quiero cortarme el pelo,Quiero cortarme el pelo,0.0,0.0,1.0,1.129,0.565,2.0
Whisper large-v3-turbo,038011_1A_preprocessed,2,El libro está en la mesa,El libro está en la mesa,0.0,0.0,1.0,1.132,0.707,1.6
Whisper large-v3-turbo,038011_1A_preprocessed,3,El carro lo tiene Pedro,El carro no tiene pelo,0.4,0.1304,0.6,1.12,0.622,1.8
Whisper large-v3-turbo,038011_1A_preprocessed,4,El se ducha cada mañana,"Gracias, el se ducha cada mañana",0.2,0.3478,0.8,1.155,0.462,2.5
Whisper large-v3-turbo,038011_1A_preprocessed,5,¿Qué dice usted que va a hacer hoy?,¿Qué dice usted que va a hacer hoy?,0.0,0.0,1.0,1.149,0.522,2.2
Whisper large-v3-turbo,038011_1A_preprocessed,6,Dudo que sepa manejar muy bien,Dudo que sepa manejar bien,0.1667,0.1333,0.8333,1.143,0.369,3.1
Whisper large-v3-turbo,038011_1A_preprocessed,7,Las calles de esta ciudad son muy anchas,Las calles en salidad muchas años,0.75,0.45,0.25,1.14,0.243,4.7
Whisper large-v3-turbo,038011_1A_preprocessed,8,Puede que llueva mañana todo el día,Puede que llueva mañana todo el día,0.0,0.0,1.0,1.15,0.5,2.3
Whisper large-v3-turbo,038011_1A_preprocessed,9,Las casas son muy bonitas pero caras,Las casas son muy bonitas pero caras,0.0,0.0,1.0,1.146,0.327,3.5
Whisper large-v3-turbo,038011_1A_preprocessed,10,Me gustan las películas que acaban bien,Me gustan las películas que acaban bien,0.0,0.0,1.0,1.15,0.5,2.3
Whisper large-v3-turbo,038011_1A_preprocessed,11,El chico con el que yo salgo es español,El chico conectivo salgo está bien,0.6667,0.4103,0.3333,1.143,0.229,5.0
Whisper large-v3-turbo,038011_1A_preprocessed,12,Después de cenar me fui a dormir tranquilo,Después de cenar me fui a poner tranquilo,0.125,0.0952,0.875,1.143,0.224,5.1
Whisper large-v3-turbo,038011_1A_preprocessed,13,Quiero una casa en la que vivan mis animales,Quiero una casa que vivan mis animales,0.2222,0.1364,0.7778,1.144,0.327,3.5
Whisper large-v3-turbo,038011_1A_preprocessed,14,A nosotros nos fascinan las fiestas grandiosas,A nosotros que las visas,0.5714,0.5652,0.4286,1.129,0.452,2.5
Whisper large-v3-turbo,038011_1A_preprocessed,15,Ella sólo bebe cerveza y no come nada,Ella sólo se veza y como,0.625,0.4054,0.375,1.141,0.293,3.9
Whisper large-v3-turbo,038011_1A_preprocessed,16,Me gustaría que el precio de las casas bajara,Me gustaría los precios de las caras bajara,0.4444,0.1778,0.5556,1.162,0.184,6.3
Whisper large-v3-turbo,038011_1A_preprocessed,17,Cruza a la derecha y después sigue todo recto,Cruza a la derecha y siga derecho,0.4444,0.3333,0.5556,1.16,0.181,6.4
Whisper large-v3-turbo,038011_1A_preprocessed,18,Ella ha terminado de pintar su apartamento,Ella ha terminado los apartamentos,0.5714,0.2857,0.4286,1.137,0.203,5.6
Whisper large-v3-turbo,038011_1A_preprocessed,19,Me gustaría que empezara a hacer más calor pronto,Me gustaría las hacer pronto,0.5556,0.4694,0.4444,1.12,0.175,6.4
Whisper large-v3-turbo,038011_1A_preprocessed,20,El niño al que se le murió el gato está triste,El niño que se murió el gato está triste,0.1818,0.1304,0.8182,1.159,0.29,4.0
Whisper large-v3-turbo,038011_1A_preprocessed,21,Una amiga mía cuida a los niños de mi vecino,Una amiga mía cuida a los niños de mi vecino,0.0,0.0,1.0,1.178,0.256,4.6
Whisper large-v3-turbo,038011_1A_preprocessed,22,El gato que era negro fue perseguido por el perro,El gato era negro y el perro,0.4,0.449,0.6,1.157,0.173,6.7
Whisper large-v3-turbo,038011_1A_preprocessed,23,Antes de poder salir él tiene que limpiar su cuarto,Antes de que salir puede cuarto,0.6,0.4902,0.4,1.129,0.136,8.3
Whisper large-v3-turbo,038011_1A_preprocessed,24,La cantidad de personas que fuman ha disminuido,La cantidad de personas que fuman que me salió,0.375,0.2553,0.625,1.157,0.263,4.4
Whisper large-v3-turbo,038011_1A_preprocessed,25,Después de llegar a casa del trabajo tomé la cena,Después de llegar a la casa fui a la cena,0.4,0.3469,0.6,1.143,0.2,5.7
Whisper large-v3-turbo,038011_1A_preprocessed,26,El ladrón al que atrapó la policía era famoso,Perdón a la policía eran famoso,0.6667,0.4222,0.3333,1.139,0.163,7.0
Whisper large-v3-turbo,038011_1A_preprocessed,27,Le pedí a un amigo que me ayudara con la tarea,Le pedí a un amigo que ayudara con mi tarea,0.1818,0.1087,0.8182,1.175,0.261,4.5
Whisper large-v3-turbo,038011_1A_preprocessed,28,El examen no fue tan difícil como me habían dicho,El examen no fue,0.6,0.6735,0.4,1.135,0.568,2.0
Whisper large-v3-turbo,038011_1A_preprocessed,29,¿Serías tan amable de darme el libro que está en la mesa?,Serías amable que lo están?,0.75,0.5636,0.25,1.142,0.381,3.0
Whisper large-v3-turbo,038011_1A_preprocessed,30,Hay mucha gente que no toma nada para el desayuno,Hay mucha gente que no tomara el desayuno,0.3,0.1633,0.7,1.156,0.398,2.9
Whisper large-v3-turbo,038012_2A_preprocessed,1,Quiero cortarme el pelo,Quiero cortarme el,0.25,0.2174,0.75,1.12,0.861,1.3
Whisper large-v3-turbo,038012_2A_preprocessed,2,El libro está en la mesa,El libro está en la mesa,0.0,0.0,1.0,1.128,0.663,1.7
Whisper large-v3-turbo,038012_2A_preprocessed,3,El carro lo tiene Pedro,El carro lo tiene pelo,0.2,0.087,0.8,1.117,0.698,1.6
Whisper large-v3-turbo,038012_2A_preprocessed,4,El se ducha cada mañana,El se ducha cada mañana,0.0,0.0,1.0,1.127,0.626,1.8
Whisper large-v3-turbo,038012_2A_preprocessed,5,¿Qué dice usted que va a hacer hoy?,¿Qué dice usted que va a hacer hoy?,0.0,0.0,1.0,1.153,0.641,1.8
Whisper large-v3-turbo,038012_2A_preprocessed,6,Dudo que sepa manejar muy bien,Dudo seca el estar también,0.8333,0.5,0.1667,1.137,0.292,3.9
Whisper large-v3-turbo,038012_2A_preprocessed,7,Las calles de esta ciudad son muy anchas,Las calles son de los calles ant,0.75,0.575,0.25,1.145,0.185,6.2
Whisper large-v3-turbo,038012_2A_preprocessed,8,Puede que llueva mañana todo el día,El pueblo se quiere ya caer,1.0,0.7714,0.0,1.136,0.494,2.3
Whisper large-v3-turbo,038012_2A_preprocessed,9,Las casas son muy bonitas pero caras,Las casas son muy bonitas pero caras,0.0,0.0,1.0,1.149,0.5,2.3
Whisper large-v3-turbo,038012_2A_preprocessed,10,Me gustan las películas que acaban bien,"Me gustan las películas, pecan bien",0.2857,0.1538,0.7143,1.155,0.372,3.1
Whisper large-v3-turbo,038012_2A_preprocessed,11,El chico con el que yo salgo es español,El chico es un po'nario es español,0.5556,0.3077,0.4444,1.159,0.219,5.3
Whisper large-v3-turbo,038012_2A_preprocessed,12,Después de cenar me fui a dormir tranquilo,Después llegué a dormir,0.625,0.5476,0.375,1.124,0.173,6.5
Whisper large-v3-turbo,038012_2A_preprocessed,13,Quiero una casa en la que vivan mis animales,Quiero la casa esta a mis animales,0.5556,0.2955,0.4444,1.145,0.273,4.2
Whisper large-v3-turbo,038012_2A_preprocessed,14,A nosotros nos fascinan las fiestas grandiosas,"Nosotros nos sufrimos en mi vida, nosotras",0.8571,0.5435,0.1429,1.175,0.245,4.8
Whisper large-v3-turbo,038012_2A_preprocessed,15,Ella sólo bebe cerveza y no come nada,Es el converse y nos del,0.875,0.6486,0.125,1.128,0.174,6.5
Whisper large-v3-turbo,038012_2A_preprocessed,16,Me gustaría que el precio de las casas bajara,Me gustaría que los precios me estás llanar,0.6667,0.3556,0.3333,1.146,0.179,6.4
Whisper large-v3-turbo,038012_2A_preprocessed,17,Cruza a la derecha y después sigue todo recto,Cruza a la derecha um mmm,0.5556,0.5333,0.4444,1.156,0.203,5.7
Whisper large-v3-turbo,038012_2A_preprocessed,18,Ella ha terminado de pintar su apartamento,He terminado el apartamento,0.7143,0.4048,0.2857,1.128,0.195,5.8
Whisper large-v3-turbo,038012_2A_preprocessed,19,Me gustaría que empezara a hacer más calor pronto,Me gustaría hacer pingatas esta gustaría pronto,0.6667,0.4898,0.3333,1.138,0.172,6.6
Whisper large-v3-turbo,038012_2A_preprocessed,20,El niño al que se le murió el gato está triste,El niño el niño sirio gato está muy triste,0.6364,0.4348,0.3636,1.156,0.206,5.6
Whisper large-v3-turbo,038012_2A_preprocessed,21,Una amiga mía cuida a los niños de mi vecino,"Una amiga, picalo, y mi vecino",0.6,0.4318,0.4,1.151,0.226,5.1
Whisper large-v3-turbo,038012_2A_preprocessed,22,El gato que era negro fue perseguido por el perro,El gato seña negro y el perro,0.5,0.4694,0.5,1.155,0.178,6.5
Whisper large-v3-turbo,038012_2A_preprocessed,23,Antes de poder salir él tiene que limpiar su cuarto,que se limpiar tus cuarto,0.8,0.6078,0.2,1.132,0.419,2.7
Whisper large-v3-turbo,038012_2A_preprocessed,24,La cantidad de personas que fuman ha disminuido,La cantidad de personas que no tienen la cantidad de personas,0.75,0.5532,0.25,1.17,0.213,5.5
Whisper large-v3-turbo,038012_2A_preprocessed,25,Después de llegar a casa del trabajo tomé la cena,Después de llegar a mi casa voy a la cena,0.4,0.3469,0.6,1.155,0.206,5.6
Whisper large-v3-turbo,038012_2A_preprocessed,26,El ladrón al que atrapó la policía era famoso,policía era famoso,0.6667,0.6,0.3333,1.116,0.657,1.7
Whisper large-v3-turbo,038012_2A_preprocessed,27,Le pedí a un amigo que me ayudara con la tarea,Le pedí le una amiga,0.8182,0.6739,0.1818,1.131,0.246,4.6
Whisper large-v3-turbo,038012_2A_preprocessed,28,El examen no fue tan difícil como me habían dicho,Tarea es un no difícil para derecha,0.9,0.6122,0.1,1.144,0.238,4.8
Whisper large-v3-turbo,038012_2A_preprocessed,29,¿Serías tan amable de darme el libro que está en la mesa?,¿Qué está en la mesa? ¿La es de libro? ¿Es algo así?,1.0,0.6545,0.0,1.21,0.151,8.0
Whisper large-v3-turbo,038012_2A_preprocessed,30,Hay mucha gente que no toma nada para el desayuno,Hay mucho ejemplo pero...,0.9,0.6735,0.1,1.116,0.138,8.1
Whisper large-v3-turbo,038015_1A_preprocessed,1,Quiero cortarme el pelo,Quiero cortarme el pelo,0.0,0.0,1.0,1.119,0.699,1.6
Whisper large-v3-turbo,038015_1A_preprocessed,2,El libro está en la mesa,El libro está en la mesa,0.0,0.0,1.0,1.123,0.702,1.6
Whisper large-v3-turbo,038015_1A_preprocessed,3,El carro lo tiene Pedro,El carro no tiene pelo,0.4,0.1304,0.6,1.121,0.509,2.2
Whisper large-v3-turbo,038015_1A_preprocessed,4,El se ducha cada mañana,El se ducha cada mañana,0.0,0.0,1.0,1.126,0.703,1.6
Whisper large-v3-turbo,038015_1A_preprocessed,5,¿Qué dice usted que va a hacer hoy?,¿Qué dice usted que va a hacer hoy?,0.0,0.0,1.0,1.148,0.547,2.1
Whisper large-v3-turbo,038015_1A_preprocessed,6,Dudo que sepa manejar muy bien,Dudo que sepa manejar bien,0.1667,0.1333,0.8333,1.143,0.602,1.9
Whisper large-v3-turbo,038015_1A_preprocessed,7,Las calles de esta ciudad son muy anchas,Las calles de esta ciudad son muy anchas,0.0,0.0,1.0,1.156,0.34,3.4
Whisper large-v3-turbo,038015_1A_preprocessed,8,Puede que llueva mañana todo el día,Puede que llueva mañana todo el día,0.0,0.0,1.0,1.159,0.58,2.0
Whisper large-v3-turbo,038015_1A_preprocessed,9,Las casas son muy bonitas pero caras,Las casas son muy bonitas pero caras,0.0,0.0,1.0,1.162,0.431,2.7
Whisper large-v3-turbo,038015_1A_preprocessed,10,Me gustan las películas que acaban bien,Me gustan las películas que acaban bien,0.0,0.0,1.0,1.154,0.462,2.5
Whisper large-v3-turbo,038015_1A_preprocessed,11,El chico con el que yo salgo es español,El chico con esto algo es español,0.4444,0.2051,0.5556,1.144,0.424,2.7
Whisper large-v3-turbo,038015_1A_preprocessed,12,Después de cenar me fui a dormir tranquilo,Después de cenar me fui a dormir tranquilo,0.0,0.0,1.0,1.163,0.342,3.4
Whisper large-v3-turbo,038015_1A_preprocessed,13,Quiero una casa en la que vivan mis animales,Quiero una casa en la que vivan mis animales,0.0,0.0,1.0,1.17,0.39,3.0
Whisper large-v3-turbo,038015_1A_preprocessed,14,A nosotros nos fascinan las fiestas grandiosas,A nosotros nos fascinan las fiestas grandes,0.1429,0.087,0.8571,1.167,0.365,3.2
Whisper large-v3-turbo,038015_1A_preprocessed,15,Ella sólo bebe cerveza y no come nada,Ella sólo bebe cerveza y come nada,0.125,0.0811,0.875,1.156,0.34,3.4
Whisper large-v3-turbo,038015_1A_preprocessed,16,Me gustaría que el precio de las casas bajara,Me gustaría las precias cajas,0.6667,0.4444,0.3333,1.14,0.496,2.3
Whisper large-v3-turbo,038015_1A_preprocessed,17,Cruza a la derecha y después sigue todo recto,Cruza a la derecha y sigue el todo resto,0.3333,0.2667,0.6667,1.162,0.375,3.1
Whisper large-v3-turbo,038015_1A_preprocessed,18,Ella ha terminado de pintar su apartamento,Ella ha terminado de pintar su apartamento,0.0,0.0,1.0,1.152,0.329,3.5
Whisper large-v3-turbo,038015_1A_preprocessed,19,Me gustaría que empezara a hacer más calor pronto,Me gustaría hacer más calor pronto,0.3333,0.3061,0.6667,1.145,0.279,4.1
Whisper large-v3-turbo,038015_1A_preprocessed,20,El niño al que se le murió el gato está triste,El niño que se murió el gato y está triste,0.2727,0.1739,0.7273,1.187,0.237,5.0
Whisper large-v3-turbo,038015_1A_preprocessed,21,Una amiga mía cuida a los niños de mi vecino,Una amiga me cuidaron a los niños,0.5,0.4091,0.5,1.164,0.431,2.7
Whisper large-v3-turbo,038015_1A_preprocessed,22,El gato que era negro fue perseguido por el perro,El gato negro fue perseguido por el perro,0.2,0.1633,0.8,1.196,0.374,3.2
Whisper large-v3-turbo,038015_1A_preprocessed,23,Antes de poder salir él tiene que limpiar su cuarto,Antes de salir limpiar el cuarto,0.5,0.4118,0.5,1.156,0.263,4.4
Whisper large-v3-turbo,038015_1A_preprocessed,24,La cantidad de personas que fuman ha disminuido,La cantidad de personas que fuman es...,0.25,0.2553,0.75,1.176,0.24,4.9
Whisper large-v3-turbo,038015_1A_preprocessed,25,Después de llegar a casa del trabajo tomé la cena,Después de llegar a la casa después del trabajo comé la cena,0.3,0.2449,0.7,1.199,0.231,5.2
Whisper large-v3-turbo,038015_1A_preprocessed,26,El ladrón al que atrapó la policía era famoso,El ladrón que atrapó con la policía era famoso,0.2222,0.1556,0.7778,1.199,0.235,5.1
Whisper large-v3-turbo,038015_1A_preprocessed,27,Le pedí a un amigo que me ayudara con la tarea,Le pedí a un amigo que me ayudara con la tarea,0.0,0.0,1.0,1.202,0.261,4.6
Whisper large-v3-turbo,038015_1A_preprocessed,28,El examen no fue tan difícil como me habían dicho,El prueba no fue difícil me habían dicho,0.3,0.3061,0.7,1.164,0.299,3.9
Whisper large-v3-turbo,038015_1A_preprocessed,29,¿Serías tan amable de darme el libro que está en la mesa?,¿Serías tan amable de darme el libro en la mesa?,0.1667,0.1636,0.8333,1.217,0.213,5.7
Whisper large-v3-turbo,038015_1A_preprocessed,30,Hay mucha gente que no toma nada para el desayuno,Hay mucha gente que no toma nada para el desayuno,0.0,0.0,1.0,1.194,0.341,3.5
faster-whisper large-v3,038010_2A_preprocessed,1,Quiero cortarme el pelo,quiero cortarme el pelo,0.0,0.0,1.0,7.74,4.553,1.7
faster-whisper large-v3,038010_2A_preprocessed,2,El libro está en la mesa,El libro está en la mesa.,0.0,0.0,1.0,7.073,4.161,1.7
faster-whisper large-v3,038010_2A_preprocessed,3,El carro lo tiene Pedro,El carro lo tiene Pedro,0.0,0.0,1.0,11.183,5.886,1.9
faster-whisper large-v3,038010_2A_preprocessed,4,El se ducha cada mañana,El se ducha cada mañana,0.0,0.0,1.0,7.942,4.412,1.8
faster-whisper large-v3,038010_2A_preprocessed,5,¿Qué dice usted que va a hacer hoy?,¿Qué dice usted que va a hacer hoy?,0.0,0.0,1.0,8.316,3.327,2.5
faster-whisper large-v3,038010_2A_preprocessed,6,Dudo que sepa manejar muy bien,dudo que sepa manejar muy bien,0.0,0.0,1.0,8.042,3.217,2.5
faster-whisper large-v3,038010_2A_preprocessed,7,Las calles de esta ciudad son muy anchas,las calles de esta ciudad son muy anchas,0.0,0.0,1.0,8.363,2.698,3.1
faster-whisper large-v3,038010_2A_preprocessed,8,Puede que llueva mañana todo el día,puede que llueva mañana todo el día,0.0,0.0,1.0,8.949,3.442,2.6
faster-whisper large-v3,038010_2A_preprocessed,9,Las casas son muy bonitas pero caras,las casas son muy bonitas pero caras,0.0,0.0,1.0,8.606,1.913,4.5
faster-whisper large-v3,038010_2A_preprocessed,10,Me gustan las películas que acaban bien,me gustan las películas que acaban bien,0.0,0.0,1.0,8.661,3.331,2.6
faster-whisper large-v3,038010_2A_preprocessed,11,El chico con el que yo salgo es español,el chico que algo es español,0.4444,0.2821,0.5556,8.32,2.377,3.5
faster-whisper large-v3,038010_2A_preprocessed,12,Después de cenar me fui a dormir tranquilo,Después de cenar me fui a dormir tranquilo.,0.0,0.0,1.0,8.162,2.332,3.5
faster-whisper large-v3,038010_2A_preprocessed,13,Quiero una casa en la que vivan mis animales,quiero una casa en la que vivan animales,0.1111,0.0909,0.8889,7.98,2.1,3.8
faster-whisper large-v3,038010_2A_preprocessed,14,A nosotros nos fascinan las fiestas grandiosas,a nosotros,0.7143,0.7826,0.2857,7.882,5.63,1.4
faster-whisper large-v3,038010_2A_preprocessed,15,Ella sólo bebe cerveza y no come nada,Ella solo bebe cerveza y no come nada.,0.125,0.027,0.875,7.883,1.546,5.1
faster-whisper large-v3,038010_2A_preprocessed,16,Me gustaría que el precio de las casas bajara,me gustaría,0.7778,0.7556,0.2222,8.009,8.009,1.0
faster-whisper large-v3,038010_2A_preprocessed,17,Cruza a la derecha y después sigue todo recto,fuerza a la derecha y después sigue recto,0.2222,0.2,0.7778,8.002,1.702,4.7
faster-whisper large-v3,038010_2A_preprocessed,18,Ella ha terminado de pintar su apartamento,Ella terminar... Pinta su apartamento,0.5714,0.2143,0.4286,7.814,1.532,5.1
faster-whisper large-v3,038010_2A_preprocessed,19,Me gustaría que empezara a hacer más calor pronto,El niño a que se murió el gato triste,1.0,0.6735,0.0,8.466,1.245,6.8
faster-whisper large-v3,038010_2A_preprocessed,20,El niño al que se le murió el gato está triste,amiga mía cuidado los niños,1.0,0.7609,0.0,8.117,1.503,5.4
faster-whisper large-v3,038010_2A_preprocessed,21,Una amiga mía cuida a los niños de mi vecino,el gato que era negro,1.0,0.7727,0.0,8.34,3.208,2.6
faster-whisper large-v3,038010_2A_preprocessed,22,El gato que era negro fue perseguido por el perro,antes de poder salir tiene que limpiar su cuarto,1.0,0.7755,0.0,8.599,1.592,5.4
faster-whisper large-v3,038010_2A_preprocessed,23,Antes de poder salir él tiene que limpiar su cuarto,la cantidad de personas que fuman,0.9,0.7647,0.1,8.463,2.821,3.0
faster-whisper large-v3,038010_2A_preprocessed,24,La cantidad de personas que fuman ha disminuido,despues de llegar a casa,0.875,0.766,0.125,8.559,3.17,2.7
faster-whisper large-v3,038010_2A_preprocessed,25,Después de llegar a casa del trabajo tomé la cena,el ladrón policía era famoso,1.0,0.7959,0.0,8.237,2.288,3.6
faster-whisper large-v3,038010_2A_preprocessed,26,El ladrón al que atrapó la policía era famoso,le pidí un amigo que ayudara a tarea,1.0,0.7111,0.0,9.016,2.312,3.9
faster-whisper large-v3,038010_2A_preprocessed,27,Le pedí a un amigo que me ayudara con la tarea,El examen no tan difícil.,1.0,0.7609,0.0,8.77,1.37,6.4
faster-whisper large-v3,038010_2A_preprocessed,28,El examen no fue tan difícil como me habían dicho,amable que está,1.0,0.8571,0.0,8.628,4.314,2.0
faster-whisper large-v3,038010_2A_preprocessed,29,¿Serías tan amable de darme el libro que está en la mesa?,¿El libro que está en la mesa?,0.4167,0.4909,0.5833,8.604,4.529,1.9
faster-whisper large-v3,038010_2A_preprocessed,30,Hay mucha gente que no toma nada para el desayuno,Hay mucha gente que no toma nada para el desayuno.,0.0,0.0,1.0,8.832,2.677,3.3
faster-whisper large-v3,038011_1A_preprocessed,1,Quiero cortarme el pelo,quiero cortarme el pelo,0.0,0.0,1.0,8.253,4.126,2.0
faster-whisper large-v3,038011_1A_preprocessed,2,El libro está en la mesa,El libro está en la mesa.,0.0,0.0,1.0,7.979,4.987,1.6
faster-whisper large-v3,038011_1A_preprocessed,3,El carro lo tiene Pedro,el carro no tiene Pedro,0.2,0.0435,0.8,8.214,4.563,1.8
faster-whisper large-v3,038011_1A_preprocessed,4,El se ducha cada mañana,La seducha cada mañana,0.6,0.1304,0.4,8.292,3.317,2.5
faster-whisper large-v3,038011_1A_preprocessed,5,¿Qué dice usted que va a hacer hoy?,¿Qué dice usted que va a hacer hoy?,0.0,0.0,1.0,8.874,4.033,2.2
faster-whisper large-v3,038011_1A_preprocessed,6,Dudo que sepa manejar muy bien,tuvo que se manejar bien,0.5,0.2667,0.5,7.943,2.562,3.1
faster-whisper large-v3,038011_1A_preprocessed,7,Las calles de esta ciudad son muy anchas,las calles han salido muchas años,0.75,0.5,0.25,7.842,1.669,4.7
faster-whisper large-v3,038011_1A_preprocessed,8,Puede que llueva mañana todo el día,puede que llueva mañana todo el día,0.0,0.0,1.0,8.138,3.538,2.3
faster-whisper large-v3,038011_1A_preprocessed,9,Las casas son muy bonitas pero caras,las casas son muy bonitas pero caras,0.0,0.0,1.0,7.985,2.282,3.5
faster-whisper large-v3,038011_1A_preprocessed,10,Me gustan las películas que acaban bien,me gusta las películas que acaban bien,0.1429,0.0256,0.8571,8.689,3.778,2.3
faster-whisper large-v3,038011_1A_preprocessed,11,El chico con el que yo salgo es español,el chico conectivo salgo esta bien?,0.6667,0.4103,0.3333,8.785,1.757,5.0
faster-whisper large-v3,038011_1A_preprocessed,12,Después de cenar me fui a dormir tranquilo,Después de cenar me fui a poner tranquilo.,0.125,0.0952,0.875,8.789,1.723,5.1
faster-whisper large-v3,038011_1A_preprocessed,13,Quiero una casa en la que vivan mis animales,quiero una casa en la que vivan mis animales,0.0,0.0,1.0,8.314,2.376,3.5
faster-whisper large-v3,038011_1A_preprocessed,14,A nosotros nos fascinan las fiestas grandiosas,a nosotros que las fiestas,0.4286,0.5,0.5714,7.941,3.176,2.5
faster-whisper large-v3,038011_1A_preprocessed,15,Ella sólo bebe cerveza y no come nada,ella es toda la cerveza y... como...,0.75,0.4595,0.25,8.463,2.17,3.9
faster-whisper large-v3,038011_1A_preprocessed,16,Me gustaría que el precio de las casas bajara,Me gustaría los precios de las caras para nada,0.6667,0.3111,0.3333,8.625,1.369,6.3
faster-whisper large-v3,038011_1A_preprocessed,17,Cruza a la derecha y después sigue todo recto,cruza a la derecha y sigue derecho,0.3333,0.2889,0.6667,8.149,1.273,6.4
faster-whisper large-v3,038011_1A_preprocessed,18,Ella ha terminado de pintar su apartamento,Ella ha terminado los apartamentos,0.5714,0.2857,0.4286,8.507,1.519,5.6
faster-whisper large-v3,038011_1A_preprocessed,19,Me gustaría que empezara a hacer más calor pronto,me gustaría las hacer pronto,0.5556,0.4694,0.4444,8.595,1.343,6.4
faster-whisper large-v3,038011_1A_preprocessed,20,El niño al que se le murió el gato está triste,el niño que se murió el gato está triste,0.1818,0.1304,0.8182,8.645,2.161,4.0
faster-whisper large-v3,038011_1A_preprocessed,21,Una amiga mía cuida a los niños de mi vecino,una amiga viene cuidar a los niños de mi vecino,0.2,0.1364,0.8,8.929,1.941,4.6
faster-whisper large-v3,038011_1A_preprocessed,22,El gato que era negro fue perseguido por el perro,el gato era negro y el perro,0.4,0.449,0.6,8.67,1.294,6.7
faster-whisper large-v3,038011_1A_preprocessed,23,Antes de poder salir él tiene que limpiar su cuarto,antes de que salir puede cuarto,0.6,0.4902,0.4,8.739,1.053,8.3
faster-whisper large-v3,038011_1A_preprocessed,24,La cantidad de personas que fuman ha disminuido,la cantidad de las personas fuman que me salido,0.625,0.383,0.375,8.596,1.954,4.4
faster-whisper large-v3,038011_1A_preprocessed,25,Después de llegar a casa del trabajo tomé la cena,después de llegar a casa fui a la cena,0.3,0.2857,0.7,8.597,1.508,5.7
faster-whisper large-v3,038011_1A_preprocessed,26,El ladrón al que atrapó la policía era famoso,perdón a la policía eran famoso,0.6667,0.4222,0.3333,8.619,1.231,7.0
faster-whisper large-v3,038011_1A_preprocessed,27,Le pedí a un amigo que me ayudara con la tarea,le pedí a un amigo que ayudara con mi tarea,0.1818,0.1087,0.8182,8.927,1.984,4.5
faster-whisper large-v3,038011_1A_preprocessed,28,El examen no fue tan difícil como me habían dicho,el examen no fue,0.6,0.6735,0.4,9.187,4.594,2.0
faster-whisper large-v3,038011_1A_preprocessed,29,¿Serías tan amable de darme el libro que está en la mesa?,Serías amable que lo están.,0.75,0.5636,0.25,8.915,2.972,3.0
faster-whisper large-v3,038011_1A_preprocessed,30,Hay mucha gente que no toma nada para el desayuno,hay mucha gente que no tomara el desayuno,0.3,0.1633,0.7,8.926,3.078,2.9
faster-whisper large-v3,038012_2A_preprocessed,1,Quiero cortarme el pelo,quiero cortar,0.75,0.4348,0.25,8.301,6.385,1.3
faster-whisper large-v3,038012_2A_preprocessed,2,El libro está en la mesa,El libro está en la mesa,0.0,0.0,1.0,8.64,5.082,1.7
faster-whisper large-v3,038012_2A_preprocessed,3,El carro lo tiene Pedro,el carro lo tiene Pedro,0.0,0.0,1.0,7.984,4.99,1.6
faster-whisper large-v3,038012_2A_preprocessed,4,El se ducha cada mañana,él se ducha cada mañana,0.2,0.0435,0.8,8.207,4.559,1.8
faster-whisper large-v3,038012_2A_preprocessed,5,¿Qué dice usted que va a hacer hoy?,¿Qué dice usted que va a hacer hoy?,0.0,0.0,1.0,8.239,4.577,1.8
faster-whisper large-v3,038012_2A_preprocessed,6,Dudo que sepa manejar muy bien,duro secalesar también,1.0,0.5333,0.0,7.964,2.042,3.9
faster-whisper large-v3,038012_2A_preprocessed,7,Las calles de esta ciudad son muy anchas,La calle Sentee Los calles Andes,1.0,0.6,0.0,8.916,1.438,6.2
faster-whisper large-v3,038012_2A_preprocessed,8,Puede que llueva mañana todo el día,El pueblo se quiere llegar,1.0,0.7714,0.0,7.921,3.444,2.3
faster-whisper large-v3,038012_2A_preprocessed,9,Las casas son muy bonitas pero caras,las casas son bonitas pero caras,0.1429,0.1111,0.8571,8.297,3.608,2.3
faster-whisper large-v3,038012_2A_preprocessed,10,Me gustan las películas que acaban bien,me gustan las películas que acaban bien,0.0,0.0,1.0,8.711,2.81,3.1
faster-whisper large-v3,038012_2A_preprocessed,11,El chico con el que yo salgo es español,el chico es un bonal yo es español,0.4444,0.3077,0.5556,8.46,1.596,5.3
faster-whisper large-v3,038012_2A_preprocessed,12,Después de cenar me fui a dormir tranquilo,"después llegar, dormir",0.75,0.5714,0.25,7.788,1.198,6.5
faster-whisper large-v3,038012_2A_preprocessed,13,Quiero una casa en la que vivan mis animales,quiero la casa esta a mi animales,0.6667,0.3182,0.3333,7.955,1.894,4.2
faster-whisper large-v3,038012_2A_preprocessed,14,A nosotros nos fascinan las fiestas grandiosas,A nosotros nos fascinan las cosas que nos han perdido,0.7143,0.4565,0.2857,8.637,1.799,4.8
faster-whisper large-v3,038012_2A_preprocessed,15,Ella sólo bebe cerveza y no come nada,es el converse y nos del,0.875,0.6486,0.125,8.132,1.251,6.5
faster-whisper large-v3,038012_2A_preprocessed,16,Me gustaría que el precio de las casas bajara,me gustaría que los pesos bestia,0.6667,0.4444,0.3333,8.116,1.268,6.4
faster-whisper large-v3,038012_2A_preprocessed,17,Cruza a la derecha y después sigue todo recto,cruzar a la derecha,0.6667,0.6222,0.3333,8.117,1.424,5.7
faster-whisper large-v3,038012_2A_preprocessed,18,Ella ha terminado de pintar su apartamento,He terminado el apartamento,0.7143,0.4048,0.2857,8.336,1.437,5.8
faster-whisper large-v3,038012_2A_preprocessed,19,Me gustaría que empezara a hacer más calor pronto,me gustaría hacer pingatas esta... gustaría pronto,0.6667,0.4898,0.3333,8.175,1.239,6.6
faster-whisper large-v3,038012_2A_preprocessed,20,El niño al que se le murió el gato está triste,el niño sirio gato es tan muy triste,0.7273,0.5217,0.2727,8.086,1.444,5.6
faster-whisper large-v3,038012_2A_preprocessed,21,Una amiga mía cuida a los niños de mi vecino,una amiga picado en mi vecino,0.6,0.4545,0.4,8.542,1.675,5.1
faster-whisper large-v3,038012_2A_preprocessed,22,El gato que era negro fue perseguido por el perro,el gato se llenó de señas negras y el perro,0.6,0.4898,0.4,8.613,1.325,6.5
faster-whisper large-v3,038012_2A_preprocessed,23,Antes de poder salir él tiene que limpiar su cuarto,que se limpia tus cuartos,1.0,0.6471,0.0,8.581,3.178,2.7
faster-whisper large-v3,038012_2A_preprocessed,24,La cantidad de personas que fuman ha disminuido,La cantidad de personas que han sido asesinadas,0.375,0.3191,0.625,8.212,1.493,5.5
faster-whisper large-v3,038012_2A_preprocessed,25,Después de llegar a casa del trabajo tomé la cena,después de llegar a mi casa voy a la cena,0.4,0.3469,0.6,8.42,1.504,5.6
faster-whisper large-v3,038012_2A_preprocessed,26,El ladrón al que atrapó la policía era famoso,la policía era famoso,0.5556,0.5333,0.4444,7.908,4.652,1.7
faster-whisper large-v3,038012_2A_preprocessed,27,Le pedí a un amigo que me ayudara con la tarea,le pedí de una amiga,0.8182,0.6739,0.1818,8.095,1.76,4.6
faster-whisper large-v3,038012_2A_preprocessed,28,El examen no fue tan difícil como me habían dicho,esta tarea es tan no difícil para la derecha,0.9,0.6327,0.1,8.4,1.75,4.8
faster-whisper large-v3,038012_2A_preprocessed,29,¿Serías tan amable de darme el libro que está en la mesa?,¿Qué está en la mesa? La... es... de... libro... ...son... son...,1.0,0.6909,0.0,8.925,1.116,8.0
faster-whisper large-v3,038012_2A_preprocessed,30,Hay mucha gente que no toma nada para el desayuno,"Hay muchos ejemplos, pero...",0.9,0.6939,0.1,8.786,1.085,8.1
faster-whisper large-v3,038015_1A_preprocessed,1,Quiero cortarme el pelo,Quiero cortarme el pelo,0.0,0.0,1.0,8.788,5.493,1.6
faster-whisper large-v3,038015_1A_preprocessed,2,El libro está en la mesa,El libro está en la mesa,0.0,0.0,1.0,8.768,5.48,1.6
faster-whisper large-v3,038015_1A_preprocessed,3,El carro lo tiene Pedro,el carro no tiene pelo,0.4,0.1304,0.6,8.159,3.709,2.2
faster-whisper large-v3,038015_1A_preprocessed,4,El se ducha cada mañana,Él se ducha cada mañana.,0.2,0.0435,0.8,8.758,5.473,1.6
faster-whisper large-v3,038015_1A_preprocessed,5,¿Qué dice usted que va a hacer hoy?,¿Qué dice usted que va a hacer hoy?,0.0,0.0,1.0,8.891,4.234,2.1
faster-whisper large-v3,038015_1A_preprocessed,6,Dudo que sepa manejar muy bien,tuvo que sepa manejar bien,0.3333,0.2,0.6667,8.564,4.507,1.9
faster-whisper large-v3,038015_1A_preprocessed,7,Las calles de esta ciudad son muy anchas,Las calles de esta ciudad son muy anchas,0.0,0.0,1.0,9.244,2.719,3.4
faster-whisper large-v3,038015_1A_preprocessed,8,Puede que llueva mañana todo el día,puede que llueva mañana todo el día,0.0,0.0,1.0,9.185,4.592,2.0
faster-whisper large-v3,038015_1A_preprocessed,9,Las casas son muy bonitas pero caras,las casas son muy bonitas pero caras,0.0,0.0,1.0,10.158,3.762,2.7
faster-whisper large-v3,038015_1A_preprocessed,10,Me gustan las películas que acaban bien,Me gustan las películas que acaban bien,0.0,0.0,1.0,9.243,3.697,2.5
faster-whisper large-v3,038015_1A_preprocessed,11,El chico con el que yo salgo es español,el chico con esto algo es español,0.4444,0.2051,0.5556,9.112,3.375,2.7
faster-whisper large-v3,038015_1A_preprocessed,12,Después de cenar me fui a dormir tranquilo,Después de cenar me fui a dormir tranquilo,0.0,0.0,1.0,8.554,2.516,3.4
faster-whisper large-v3,038015_1A_preprocessed,13,Quiero una casa en la que vivan mis animales,Quiero una casa en la que vivan mis animales,0.0,0.0,1.0,8.624,2.875,3.0
faster-whisper large-v3,038015_1A_preprocessed,14,A nosotros nos fascinan las fiestas grandiosas,A nosotros nos fascinan las fiestas grandes,0.1429,0.087,0.8571,8.816,2.755,3.2
faster-whisper large-v3,038015_1A_preprocessed,15,Ella sólo bebe cerveza y no come nada,Ella solo bebe cerveza y come nada.,0.25,0.1081,0.75,9.889,2.909,3.4
faster-whisper large-v3,038015_1A_preprocessed,16,Me gustaría que el precio de las casas bajara,me gustaría las preciosas cajas,0.6667,0.4222,0.3333,9.532,4.144,2.3
faster-whisper large-v3,038015_1A_preprocessed,17,Cruza a la derecha y después sigue todo recto,cruza a la derecha y sigue el todo resto,0.3333,0.2667,0.6667,9.251,2.984,3.1
faster-whisper large-v3,038015_1A_preprocessed,18,Ella ha terminado de pintar su apartamento,ello ha terminado asistente a los su apartamento,0.5714,0.3095,0.4286,9.418,2.691,3.5
faster-whisper large-v3,038015_1A_preprocessed,19,Me gustaría que empezara a hacer más calor pronto,Me gustaría hacer más calor pronto,0.3333,0.3061,0.6667,9.109,2.222,4.1
faster-whisper large-v3,038015_1A_preprocessed,20,El niño al que se le murió el gato está triste,al niño que se murió el gato y está triste,0.3636,0.1957,0.6364,8.596,1.719,5.0
faster-whisper large-v3,038015_1A_preprocessed,21,Una amiga mía cuida a los niños de mi vecino,una amiga me cuidara a los niños,0.5,0.3864,0.5,8.329,3.085,2.7
faster-whisper large-v3,038015_1A_preprocessed,22,El gato que era negro fue perseguido por el perro,el gato negro fuera perseguido por el perro,0.3,0.2041,0.7,9.652,3.016,3.2
faster-whisper large-v3,038015_1A_preprocessed,23,Antes de poder salir él tiene que limpiar su cuarto,antes de salir limpiar el cuarto,0.5,0.4118,0.5,8.29,1.884,4.4
faster-whisper large-v3,038015_1A_preprocessed,24,La cantidad de personas que fuman ha disminuido,la cantidad de personas que fuman es,0.25,0.2553,0.75,8.211,1.676,4.9
faster-whisper large-v3,038015_1A_preprocessed,25,Después de llegar a casa del trabajo tomé la cena,después de llegar a la casa después del trabajo comé la cena,0.3,0.2449,0.7,8.55,1.644,5.2
faster-whisper large-v3,038015_1A_preprocessed,26,El ladrón al que atrapó la policía era famoso,el ladrón que atrapó con la policía era famoso,0.2222,0.1556,0.7778,8.604,1.687,5.1
faster-whisper large-v3,038015_1A_preprocessed,27,Le pedí a un amigo que me ayudara con la tarea,le pedí a un amigo que me ayudara con la tarea,0.0,0.0,1.0,8.377,1.821,4.6
faster-whisper large-v3,038015_1A_preprocessed,28,El examen no fue tan difícil como me habían dicho,el prueba no fue difícil me han dicho,0.4,0.3673,0.6,8.012,2.054,3.9
faster-whisper large-v3,038015_1A_preprocessed,29,¿Serías tan amable de darme el libro que está en la mesa?,Serías tan amable de darme el libro que está en la mesa?,0.0,0.0,1.0,8.575,1.504,5.7
faster-whisper large-v3,038015_1A_preprocessed,30,Hay mucha gente que no toma nada para el desayuno,hay mucha gente que no toma nada para el desayuno,0.0,0.0,1.0,8.331,2.38,3.5
wav2vec2-large-es (jonatasgrosman),038010_2A_preprocessed,1,Quiero cortarme el pelo,quiero cortarme al pelo,0.25,0.0435,0.75,3.976,2.339,1.7
wav2vec2-large-es (jonatasgrosman),038010_2A_preprocessed,2,El libro está en la mesa,el libro está en una mesa,0.1667,0.0833,0.8333,1.123,0.66,1.7
wav2vec2-large-es (jonatasgrosman),038010_2A_preprocessed,3,El carro lo tiene Pedro,el caro lo tiene pelo,0.4,0.1304,0.6,0.281,0.148,1.9
wav2vec2-large-es (jonatasgrosman),038010_2A_preprocessed,4,El se ducha cada mañana,acto che karamaniana,1.0,0.5652,0.0,0.208,0.116,1.8
wav2vec2-large-es (jonatasgrosman),038010_2A_preprocessed,5,¿Qué dice usted que va a hacer hoy?,que diceis dares que va a ser hoy,0.5,0.303,0.5,0.25,0.1,2.5
wav2vec2-large-es (jonatasgrosman),038010_2A_preprocessed,6,Dudo que sepa manejar muy bien,duro que sepan manejar muy bien,0.3333,0.0667,0.6667,0.23,0.092,2.5
wav2vec2-large-es (jonatasgrosman),038010_2A_preprocessed,7,Las calles de esta ciudad son muy anchas,las calles de esta ciudad son muy anchas,0.0,0.0,1.0,0.254,0.082,3.1
wav2vec2-large-es (jonatasgrosman),038010_2A_preprocessed,8,Puede que llueva mañana todo el día,puede que lleva mañana todo el día,0.1429,0.0286,0.8571,0.209,0.08,2.6
wav2vec2-large-es (jonatasgrosman),038010_2A_preprocessed,9,Las casas son muy bonitas pero caras,las casas son muy bonitas pero pero caras,0.1429,0.1389,0.8571,0.472,0.105,4.5
wav2vec2-large-es (jonatasgrosman),038010_2A_preprocessed,10,Me gustan las películas que acaban bien,me gusta las películas que caban bien,0.2857,0.0513,0.7143,0.284,0.109,2.6
wav2vec2-large-es (jonatasgrosman),038010_2A_preprocessed,11,El chico con el que yo salgo es español,el chico que algo es español,0.4444,0.2821,0.5556,0.309,0.088,3.5
wav2vec2-large-es (jonatasgrosman),038010_2A_preprocessed,12,Después de cenar me fui a dormir tranquilo,después de cenar me fui a dormir tranquilo,0.0,0.0,1.0,0.268,0.077,3.5
wav2vec2-large-es (jonatasgrosman),038010_2A_preprocessed,13,Quiero una casa en la que vivan mis animales,quiero una casa en la que sidan animales,0.2222,0.1364,0.7778,0.381,0.1,3.8
wav2vec2-large-es (jonatasgrosman),038010_2A_preprocessed,14,A nosotros nos fascinan las fiestas grandiosas,a nosotros,0.7143,0.7826,0.2857,0.158,0.113,1.4
wav2vec2-large-es (jonatasgrosman),038010_2A_preprocessed,15,Ella sólo bebe cerveza y no come nada,ella sola bebe cerveza y no como come nada,0.25,0.1892,0.75,0.413,0.081,5.1
wav2vec2-large-es (jonatasgrosman),038010_2A_preprocessed,16,Me gustaría que el precio de las casas bajara,me gustaría,0.7778,0.7556,0.2222,0.127,0.127,1.0
wav2vec2-large-es (jonatasgrosman),038010_2A_preprocessed,17,Cruza a la derecha y después sigue todo recto,sa cersa a la derecha y después sigue  recto,0.3333,0.2444,0.6667,0.359,0.076,4.7
wav2vec2-large-es (jonatasgrosman),038010_2A_preprocessed,18,Ella ha terminado de pintar su apartamento,ella terminar pinta su apartamento,0.5714,0.2143,0.4286,0.394,0.077,5.1
wav2vec2-large-es (jonatasgrosman),038010_2A_preprocessed,19,Me gustaría que empezara a hacer más calor pronto,el niño a que se murió el gato triste,1.0,0.6735,0.0,0.563,0.083,6.8
wav2vec2-large-es (jonatasgrosman),038010_2A_preprocessed,20,El niño al que se le murió el gato está triste,amiga mia cuidaron los niños,1.0,0.7609,0.0,0.39,0.072,5.4
wav2vec2-large-es (jonatasgrosman),038010_2A_preprocessed,21,Una amiga mía cuida a los niños de mi vecino,el gato que era  negro,1.0,0.7727,0.0,0.245,0.094,2.6
wav2vec2-large-es (jonatasgrosman),038010_2A_preprocessed,22,El gato que era negro fue perseguido por el perro,antes de poder salir tiene que limpiar su corto,1.0,0.7551,0.0,0.599,0.111,5.4
wav2vec2-large-es (jonatasgrosman),038010_2A_preprocessed,23,Antes de poder salir él tiene que limpiar su cuarto,la cantidad de personas que fuman,0.9,0.7647,0.1,0.36,0.12,3.0
wav2vec2-large-es (jonatasgrosman),038010_2A_preprocessed,24,La cantidad de personas que fuman ha disminuido,después de llegar a casar,0.875,0.766,0.125,0.228,0.085,2.7
wav2vec2-large-es (jonatasgrosman),038010_2A_preprocessed,25,Después de llegar a casa del trabajo tomé la cena,el ladrón policía era famoso,1.0,0.7959,0.0,0.302,0.084,3.6
wav2vec2-large-es (jonatasgrosman),038010_2A_preprocessed,26,El ladrón al que atrapó la policía era famoso,le pidí una amiga que ayuda la terea,0.8889,0.7111,0.1111,0.312,0.08,3.9
wav2vec2-large-es (jonatasgrosman),038010_2A_preprocessed,27,Le pedí a un amigo que me ayudara con la tarea,examen no tandificio,1.0,0.8043,0.0,0.681,0.106,6.4
wav2vec2-large-es (jonatasgrosman),038010_2A_preprocessed,28,El examen no fue tan difícil como me habían dicho,amable kesta,1.0,0.8571,0.0,0.277,0.139,2.0
wav2vec2-large-es (jonatasgrosman),038010_2A_preprocessed,29,¿Serías tan amable de darme el libro que está en la mesa?,el libro que está en la mesa,0.4167,0.4909,0.5833,0.192,0.101,1.9
wav2vec2-large-es (jonatasgrosman),038010_2A_preprocessed,30,Hay mucha gente que no toma nada para el desayuno,hay mucha gente que no toma nada para desayuno,0.1,0.0612,0.9,0.303,0.092,3.3
wav2vec2-large-es (jonatasgrosman),038011_1A_preprocessed,1,Quiero cortarme el pelo,quiero cortarme a pelo,0.25,0.087,0.75,0.248,0.124,2.0
wav2vec2-large-es (jonatasgrosman),038011_1A_preprocessed,2,El libro está en la mesa,el libro está en la mesa,0.0,0.0,1.0,0.171,0.107,1.6
wav2vec2-large-es (jonatasgrosman),038011_1A_preprocessed,3,El carro lo tiene Pedro,el carro no tiene pelo,0.4,0.1304,0.6,0.188,0.105,1.8
wav2vec2-large-es (jonatasgrosman),038011_1A_preprocessed,4,El se ducha cada mañana,él se ducha cara mañana,0.4,0.087,0.6,0.301,0.12,2.5
wav2vec2-large-es (jonatasgrosman),038011_1A_preprocessed,5,¿Qué dice usted que va a hacer hoy?,que dice usted que vase oe,0.625,0.303,0.375,0.194,0.088,2.2
wav2vec2-large-es (jonatasgrosman),038011_1A_preprocessed,6,Dudo que sepa manejar muy bien,tuvo que se manejar bien,0.5,0.2667,0.5,0.314,0.101,3.1
wav2vec2-large-es (jonatasgrosman),038011_1A_preprocessed,7,Las calles de esta ciudad son muy anchas,las caes en su edad muchas añas,0.875,0.5,0.125,2.286,0.486,4.7
wav2vec2-large-es (jonatasgrosman),038011_1A_preprocessed,8,Puede que llueva mañana todo el día,puede que lleva mañana toda al día,0.4286,0.0857,0.5714,0.891,0.387,2.3
wav2vec2-large-es (jonatasgrosman),038011_1A_preprocessed,9,Las casas son muy bonitas pero caras,las casas son muy bonitas pero caras,0.0,0.0,1.0,0.56,0.16,3.5
wav2vec2-large-es (jonatasgrosman),038011_1A_preprocessed,10,Me gustan las películas que acaban bien,me gustan las películas que caban bien,0.1429,0.0256,0.8571,0.307,0.134,2.3
wav2vec2-large-es (jonatasgrosman),038011_1A_preprocessed,11,El chico con el que yo salgo es español,el chico conectivo solgo está bien,0.7778,0.4359,0.2222,0.714,0.143,5.0
wav2vec2-large-es (jonatasgrosman),038011_1A_preprocessed,12,Después de cenar me fui a dormir tranquilo,después de zanar me fui a poner tranquilo,0.25,0.1429,0.75,0.55,0.108,5.1
wav2vec2-large-es (jonatasgrosman),038011_1A_preprocessed,13,Quiero una casa en la que vivan mis animales,quiero a una casa que viven a mis animales,0.5556,0.25,0.4444,1.706,0.487,3.5
wav2vec2-large-es (jonatasgrosman),038011_1A_preprocessed,14,A nosotros nos fascinan las fiestas grandiosas,a nosotros que les visas,0.7143,0.5652,0.2857,0.612,0.245,2.5
wav2vec2-large-es (jonatasgrosman),038011_1A_preprocessed,15,Ella sólo bebe cerveza y no come nada,ella son de cerbreza y como,0.75,0.4595,0.25,0.38,0.097,3.9
wav2vec2-large-es (jonatasgrosman),038011_1A_preprocessed,16,Me gustaría que el precio de las casas bajara,me gustaría los precios de los caras po nada,0.7778,0.3111,0.2222,2.975,0.472,6.3
wav2vec2-large-es (jonatasgrosman),038011_1A_preprocessed,17,Cruza a la derecha y después sigue todo recto,curza a la derecha y siga derecho,0.5556,0.3778,0.4444,3.713,0.58,6.4
wav2vec2-large-es (jonatasgrosman),038011_1A_preprocessed,18,Ella ha terminado de pintar su apartamento,ella ha terminado los apartamientos,0.5714,0.3095,0.4286,1.113,0.199,5.6
wav2vec2-large-es (jonatasgrosman),038011_1A_preprocessed,19,Me gustaría que empezara a hacer más calor pronto,me gustaría las hacer pronto,0.5556,0.4694,0.4444,0.757,0.118,6.4
wav2vec2-large-es (jonatasgrosman),038011_1A_preprocessed,20,El niño al que se le murió el gato está triste,el niño que se murió el gato está triste,0.1818,0.1304,0.8182,0.396,0.099,4.0
wav2vec2-large-es (jonatasgrosman),038011_1A_preprocessed,21,Una amiga mía cuida a los niños de mi vecino,una amiga bien cuidar a los niños a vecino,0.4,0.2273,0.6,0.448,0.097,4.6
wav2vec2-large-es (jonatasgrosman),038011_1A_preprocessed,22,El gato que era negro fue perseguido por el perro,el gato era negro y el perro,0.4,0.449,0.6,0.746,0.111,6.7
wav2vec2-large-es (jonatasgrosman),038011_1A_preprocessed,23,Antes de poder salir él tiene que limpiar su cuarto,antes de que salir puede cuarto,0.6,0.4902,0.4,2.729,0.329,8.3
wav2vec2-large-es (jonatasgrosman),038011_1A_preprocessed,24,La cantidad de personas que fuman ha disminuido,la cantidad de las personas fuman que mi serdido,0.625,0.3617,0.375,0.728,0.165,4.4
wav2vec2-large-es (jonatasgrosman),038011_1A_preprocessed,25,Después de llegar a casa del trabajo tomé la cena,después de llegar a la casa fuí a la cena,0.4,0.3469,0.6,0.559,0.098,5.7
wav2vec2-large-es (jonatasgrosman),038011_1A_preprocessed,26,El ladrón al que atrapó la policía era famoso,perdon a la policía eran famoso,0.6667,0.4444,0.3333,0.772,0.11,7.0
wav2vec2-large-es (jonatasgrosman),038011_1A_preprocessed,27,Le pedí a un amigo que me ayudara con la tarea,le pidí a un amigo que ayudar con mi tarea,0.3636,0.1522,0.6364,0.406,0.09,4.5
wav2vec2-large-es (jonatasgrosman),038011_1A_preprocessed,28,El examen no fue tan difícil como me habían dicho,el examen no fue,0.6,0.6735,0.4,0.18,0.09,2.0
wav2vec2-large-es (jonatasgrosman),038011_1A_preprocessed,29,¿Serías tan amable de darme el libro que está en la mesa?,serías amable que lo están,0.75,0.5636,0.25,0.284,0.095,3.0
wav2vec2-large-es (jonatasgrosman),038011_1A_preprocessed,30,Hay mucha gente que no toma nada para el desayuno,hay mucha gente que no tomar el desain uno,0.5,0.2449,0.5,0.225,0.078,2.9
wav2vec2-large-es (jonatasgrosman),038012_2A_preprocessed,1,Quiero cortarme el pelo,quiero cortar,0.75,0.4348,0.25,0.212,0.163,1.3
wav2vec2-large-es (jonatasgrosman),038012_2A_preprocessed,2,El libro está en la mesa,el libro está la mesa,0.1667,0.125,0.8333,0.219,0.129,1.7
wav2vec2-large-es (jonatasgrosman),038012_2A_preprocessed,3,El carro lo tiene Pedro,el carro los tiene o pelos,0.6,0.2609,0.4,0.162,0.101,1.6
wav2vec2-large-es (jonatasgrosman),038012_2A_preprocessed,4,El se ducha cada mañana,el zeluchecara mañana,0.6,0.2609,0.4,0.181,0.101,1.8
wav2vec2-large-es (jonatasgrosman),038012_2A_preprocessed,5,¿Qué dice usted que va a hacer hoy?,queriso sé que pas heroy,0.875,0.4848,0.125,0.172,0.096,1.8
wav2vec2-large-es (jonatasgrosman),038012_2A_preprocessed,6,Dudo que sepa manejar muy bien,el duro seca lezar también,1.0,0.5667,0.0,0.336,0.086,3.9
wav2vec2-large-es (jonatasgrosman),038012_2A_preprocessed,7,Las calles de esta ciudad son muy anchas,la cayos senten los callasa,1.0,0.65,0.0,0.5,0.081,6.2
wav2vec2-large-es (jonatasgrosman),038012_2A_preprocessed,8,Puede que llueva mañana todo el día,pueblo ni que ace que ella cae,1.0,0.6857,0.0,0.198,0.086,2.3
wav2vec2-large-es (jonatasgrosman),038012_2A_preprocessed,9,Las casas son muy bonitas pero caras,las casas son ebonita pero caras,0.2857,0.1389,0.7143,0.244,0.106,2.3
wav2vec2-large-es (jonatasgrosman),038012_2A_preprocessed,10,Me gustan las películas que acaban bien,me gustan las películas pecar bien,0.2857,0.1795,0.7143,0.287,0.092,3.1
wav2vec2-large-es (jonatasgrosman),038012_2A_preprocessed,11,El chico con el que yo salgo es español,ée chico s bonalio es español,0.6667,0.4103,0.3333,0.433,0.082,5.3
wav2vec2-large-es (jonatasgrosman),038012_2A_preprocessed,12,Después de cenar me fui a dormir tranquilo,después llegar dormir,0.75,0.5714,0.25,0.675,0.104,6.5
wav2vec2-large-es (jonatasgrosman),038012_2A_preprocessed,13,Quiero una casa en la que vivan mis animales,quiero la casa está a mi animales,0.6667,0.3409,0.3333,0.398,0.095,4.2
wav2vec2-large-es (jonatasgrosman),038012_2A_preprocessed,14,A nosotros nos fascinan las fiestas grandiosas,a nosotros fascinabas a los nosotros,0.7143,0.4565,0.2857,0.419,0.087,4.8
wav2vec2-large-es (jonatasgrosman),038012_2A_preprocessed,15,Ella sólo bebe cerveza y no come nada,elas el conversinos del,1.0,0.6486,0.0,0.559,0.086,6.5
wav2vec2-large-es (jonatasgrosman),038012_2A_preprocessed,16,Me gustaría que el precio de las casas bajara,me gustaría que los peceos vestás yanna,0.6667,0.4222,0.3333,0.865,0.135,6.4
wav2vec2-large-es (jonatasgrosman),038012_2A_preprocessed,17,Cruza a la derecha y después sigue todo recto,magrusar a la derecha vam,0.6667,0.6889,0.3333,0.508,0.089,5.7
wav2vec2-large-es (jonatasgrosman),038012_2A_preprocessed,18,Ella ha terminado de pintar su apartamento,hea caminado espac lapamento,1.0,0.4762,0.0,0.411,0.071,5.8
wav2vec2-large-es (jonatasgrosman),038012_2A_preprocessed,19,Me gustaría que empezara a hacer más calor pronto,me gustaría se pincacas esta gustaría pronto,0.6667,0.449,0.3333,0.537,0.081,6.6
wav2vec2-large-es (jonatasgrosman),038012_2A_preprocessed,20,El niño al que se le murió el gato está triste,el niño el niño sirio gato es ta muy triste,0.7273,0.4783,0.2727,0.402,0.072,5.6
wav2vec2-large-es (jonatasgrosman),038012_2A_preprocessed,21,Una amiga mía cuida a los niños de mi vecino,una amiga picarlo en mi embecino,0.7,0.4773,0.3,0.385,0.076,5.1
wav2vec2-large-es (jonatasgrosman),038012_2A_preprocessed,22,El gato que era negro fue perseguido por el perro,el gato sinon sin anir negro y el lapero,0.7,0.5918,0.3,0.502,0.077,6.5
wav2vec2-large-es (jonatasgrosman),038012_2A_preprocessed,23,Antes de poder salir él tiene que limpiar su cuarto,ques el empiar tusguard,1.0,0.6667,0.0,0.238,0.088,2.7
wav2vec2-large-es (jonatasgrosman),038012_2A_preprocessed,24,La cantidad de personas que fuman ha disminuido,la cantina aliaz ha forciono las persomas,0.875,0.7021,0.125,0.442,0.08,5.5
wav2vec2-large-es (jonatasgrosman),038012_2A_preprocessed,25,Después de llegar a casa del trabajo tomé la cena,después ya ya qear a mi casa und foe a la cena,0.7,0.4898,0.3,0.422,0.075,5.6
wav2vec2-large-es (jonatasgrosman),038012_2A_preprocessed,26,El ladrón al que atrapó la policía era famoso,lavecia era foroso,0.8889,0.6889,0.1111,0.17,0.1,1.7
wav2vec2-large-es (jonatasgrosman),038012_2A_preprocessed,27,Le pedí a un amigo que me ayudara con la tarea,le piti le una no mega,0.9091,0.6957,0.0909,0.363,0.079,4.6
wav2vec2-large-es (jonatasgrosman),038012_2A_preprocessed,28,El examen no fue tan difícil como me habían dicho,maz es un no difícil pera tarecha,0.9,0.6122,0.1,0.339,0.071,4.8
wav2vec2-large-es (jonatasgrosman),038012_2A_preprocessed,29,¿Serías tan amable de darme el libro que está en la mesa?,está en la mesa la sde libro on sunema,0.9167,0.6182,0.0833,0.574,0.072,8.0
wav2vec2-large-es (jonatasgrosman),038012_2A_preprocessed,30,Hay mucha gente que no toma nada para el desayuno,hay mucho ejemplo pero mmu,0.9,0.6531,0.1,0.579,0.071,8.1
wav2vec2-large-es (jonatasgrosman),038015_1A_preprocessed,1,Quiero cortarme el pelo,quiero cortarme al pelo,0.25,0.0435,0.75,0.152,0.095,1.6
wav2vec2-large-es (jonatasgrosman),038015_1A_preprocessed,2,El libro está en la mesa,el libro está en la mesa,0.0,0.0,1.0,0.148,0.093,1.6
wav2vec2-large-es (jonatasgrosman),038015_1A_preprocessed,3,El carro lo tiene Pedro,el carro no tiene pelo,0.4,0.1304,0.6,0.2,0.091,2.2
wav2vec2-large-es (jonatasgrosman),038015_1A_preprocessed,4,El se ducha cada mañana,el se ducha cada mañana,0.0,0.0,1.0,0.151,0.094,1.6
wav2vec2-large-es (jonatasgrosman),038015_1A_preprocessed,5,¿Qué dice usted que va a hacer hoy?,que dicen usted es que vase aroe,0.875,0.3939,0.125,0.175,0.083,2.1
wav2vec2-large-es (jonatasgrosman),038015_1A_preprocessed,6,Dudo que sepa manejar muy bien,todo que sepa manejar bien,0.3333,0.2,0.6667,0.168,0.088,1.9
wav2vec2-large-es (jonatasgrosman),038015_1A_preprocessed,7,Las calles de esta ciudad son muy anchas,las calles de este ciudad son muy anchas,0.125,0.025,0.875,0.25,0.074,3.4
wav2vec2-large-es (jonatasgrosman),038015_1A_preprocessed,8,Puede que llueva mañana todo el día,pueres que lleve mañana toro al día,0.5714,0.1714,0.4286,0.172,0.086,2.0
wav2vec2-large-es (jonatasgrosman),038015_1A_preprocessed,9,Las casas son muy bonitas pero caras,las casas son muy bonitos pero caras,0.1429,0.0278,0.8571,0.209,0.077,2.7
wav2vec2-large-es (jonatasgrosman),038015_1A_preprocessed,10,Me gustan las películas que acaban bien,me gusta las películas que acaban bien,0.1429,0.0256,0.8571,0.204,0.082,2.5
wav2vec2-large-es (jonatasgrosman),038015_1A_preprocessed,11,El chico con el que yo salgo es español,el chico con esto algo es español,0.4444,0.2051,0.5556,0.224,0.083,2.7
wav2vec2-large-es (jonatasgrosman),038015_1A_preprocessed,12,Después de cenar me fui a dormir tranquilo,después de cenar me fui adormir tranquilo,0.25,0.0238,0.75,0.249,0.073,3.4
wav2vec2-large-es (jonatasgrosman),038015_1A_preprocessed,13,Quiero una casa en la que vivan mis animales,quiero una casa en kale-vivan mis animales,0.3333,0.1136,0.6667,0.236,0.079,3.0
wav2vec2-large-es (jonatasgrosman),038015_1A_preprocessed,14,A nosotros nos fascinan las fiestas grandiosas,a nosotros nos fascinan las fiestas grandes,0.1429,0.087,0.8571,0.253,0.079,3.2
wav2vec2-large-es (jonatasgrosman),038015_1A_preprocessed,15,Ella sólo bebe cerveza y no come nada,ella solo bebe se besa y come nada,0.5,0.2162,0.5,0.242,0.071,3.4
wav2vec2-large-es (jonatasgrosman),038015_1A_preprocessed,16,Me gustaría que el precio de las casas bajara,me gustaría las precias cajas,0.6667,0.4444,0.3333,0.205,0.089,2.3
wav2vec2-large-es (jonatasgrosman),038015_1A_preprocessed,17,Cruza a la derecha y después sigue todo recto,cruza a la terecha y sigue el tororresto,0.4444,0.3333,0.5556,0.237,0.077,3.1
wav2vec2-large-es (jonatasgrosman),038015_1A_preprocessed,18,Ella ha terminado de pintar su apartamento,ellos ha terminaro a spintar su apartamento,0.5714,0.1429,0.4286,0.25,0.072,3.5
wav2vec2-large-es (jonatasgrosman),038015_1A_preprocessed,19,Me gustaría que empezara a hacer más calor pronto,me gustaría hacer más calor pronto,0.3333,0.3061,0.6667,0.298,0.073,4.1
wav2vec2-large-es (jonatasgrosman),038015_1A_preprocessed,20,El niño al que se le murió el gato está triste,el niño que se morió el gato y está triste,0.3636,0.1957,0.6364,0.392,0.078,5.0
wav2vec2-large-es (jonatasgrosman),038015_1A_preprocessed,21,Una amiga mía cuida a los niños de mi vecino,una amiga me cuiraron a los niños,0.5,0.4318,0.5,0.246,0.091,2.7
wav2vec2-large-es (jonatasgrosman),038015_1A_preprocessed,22,El gato que era negro fue perseguido por el perro,el gato negro fuera perseguido por el perro,0.3,0.2041,0.7,0.243,0.076,3.2
wav2vec2-large-es (jonatasgrosman),038015_1A_preprocessed,23,Antes de poder salir él tiene que limpiar su cuarto,antes de tienes salir lepiar el cuarto,0.6,0.4118,0.4,0.348,0.079,4.4
wav2vec2-large-es (jonatasgrosman),038015_1A_preprocessed,24,La cantidad de personas que fuman ha disminuido,la cantidad de de personas que fuman es,0.375,0.3191,0.625,0.355,0.072,4.9
wav2vec2-large-es (jonatasgrosman),038015_1A_preprocessed,25,Después de llegar a casa del trabajo tomé la cena,después de llegar a la case epués qel trabajo come la escena,0.6,0.3061,0.4,0.367,0.071,5.2
wav2vec2-large-es (jonatasgrosman),038015_1A_preprocessed,26,El ladrón al que atrapó la policía era famoso,el latron que atrapó con la publicidad era famosa,0.5556,0.3333,0.4444,0.363,0.071,5.1
wav2vec2-large-es (jonatasgrosman),038015_1A_preprocessed,27,Le pedí a un amigo que me ayudara con la tarea,le pidí a un amigo que me ayunan la trea,0.3636,0.1739,0.6364,0.329,0.072,4.6
wav2vec2-large-es (jonatasgrosman),038015_1A_preprocessed,28,El examen no fue tan difícil como me habían dicho,el pruebo no fue difisio meján dicho,0.6,0.4694,0.4,0.279,0.071,3.9
wav2vec2-large-es (jonatasgrosman),038015_1A_preprocessed,29,¿Serías tan amable de darme el libro que está en la mesa?,series tan amable puede darme el libro en el meso,0.5,0.2909,0.5,0.441,0.077,5.7
wav2vec2-large-es (jonatasgrosman),038015_1A_preprocessed,30,Hay mucha gente que no toma nada para el desayuno,hay mucha gente que no toma nada para el desayuno,0.0,0.0,1.0,0.308,0.088,3.5
MMS-1B-all,038010_2A_preprocessed,1,Quiero cortarme el pelo,quiero cortarme al belo,0.5,0.087,0.5,17.963,10.567,1.7
MMS-1B-all,038010_2A_preprocessed,2,El libro está en la mesa,el libro está en la mesa,0.0,0.0,1.0,20.326,11.957,1.7
MMS-1B-all,038010_2A_preprocessed,3,El carro lo tiene Pedro,el caro lo tiene pelo,0.4,0.1304,0.6,16.212,8.533,1.9
MMS-1B-all,038010_2A_preprocessed,4,El se ducha cada mañana,el se duce cara maniana,0.6,0.2174,0.4,21.961,12.201,1.8
MMS-1B-all,038010_2A_preprocessed,5,¿Qué dice usted que va a hacer hoy?,que dice steres que va ser oy,0.625,0.3333,0.375,20.662,8.265,2.5
MMS-1B-all,038010_2A_preprocessed,6,Dudo que sepa manejar muy bien,dudo cesepa manehar muy bean,0.6667,0.2,0.3333,20.949,8.38,2.5
MMS-1B-all,038010_2A_preprocessed,7,Las calles de esta ciudad son muy anchas,las calles de esta ciudad son muy hanchas,0.125,0.025,0.875,21.855,7.05,3.1
MMS-1B-all,038010_2A_preprocessed,8,Puede que llueva mañana todo el día,fuere que lleva mañana todo el día,0.2857,0.0857,0.7143,20.451,7.866,2.6
MMS-1B-all,038010_2A_preprocessed,9,Las casas son muy bonitas pero caras,las casas son muy bonitas pero caras,0.0,0.0,1.0,21.652,4.812,4.5
MMS-1B-all,038010_2A_preprocessed,10,Me gustan las películas que acaban bien,me gusto las películas que caban bien,0.2857,0.0769,0.7143,21.54,8.285,2.6
MMS-1B-all,038010_2A_preprocessed,11,El chico con el que yo salgo es español,el chico que hago es español,0.4444,0.3077,0.5556,22.017,6.291,3.5
MMS-1B-all,038010_2A_preprocessed,12,Después de cenar me fui a dormir tranquilo,después de cenar me fui a dormir tranquilo,0.0,0.0,1.0,22.187,6.339,3.5
MMS-1B-all,038010_2A_preprocessed,13,Quiero una casa en la que vivan mis animales,quiero una casa en la que vivan animales,0.1111,0.0909,0.8889,21.692,5.708,3.8
MMS-1B-all,038010_2A_preprocessed,14,A nosotros nos fascinan las fiestas grandiosas,a nosotros,0.7143,0.7826,0.2857,20.746,14.818,1.4
MMS-1B-all,038010_2A_preprocessed,15,Ella sólo bebe cerveza y no come nada,ella solo bebe cerveza y no come nada,0.125,0.027,0.875,21.083,4.134,5.1
MMS-1B-all,038010_2A_preprocessed,16,Me gustaría que el precio de las casas bajara,mi lustaria,1.0,0.8,0.0,20.584,20.584,1.0
MMS-1B-all,038010_2A_preprocessed,17,Cruza a la derecha y después sigue todo recto,cirsa a la derecha y después siga recto,0.3333,0.2222,0.6667,21.94,4.668,4.7
MMS-1B-all,038010_2A_preprocessed,18,Ella ha terminado de pintar su apartamento,ella terminar pinta su apartamento,0.5714,0.2143,0.4286,22.164,4.346,5.1
MMS-1B-all,038010_2A_preprocessed,19,Me gustaría que empezara a hacer más calor pronto,el niño aque  se murió el gato triste,1.0,0.6939,0.0,21.503,3.162,6.8
MMS-1B-all,038010_2A_preprocessed,20,El niño al que se le murió el gato está triste,una amiga mia cuidaro los niños,1.0,0.7391,0.0,23.004,4.26,5.4
MMS-1B-all,038010_2A_preprocessed,21,Una amiga mía cuida a los niños de mi vecino,el gato que era negro,1.0,0.7727,0.0,21.207,8.157,2.6
MMS-1B-all,038010_2A_preprocessed,22,El gato que era negro fue perseguido por el perro,antes de poder salir tiene que limpiar su certo,1.0,0.7347,0.0,21.306,3.946,5.4
MMS-1B-all,038010_2A_preprocessed,23,Antes de poder salir él tiene que limpiar su cuarto,la cantidad de personas que fuman,0.9,0.7647,0.1,21.45,7.15,3.0
MMS-1B-all,038010_2A_preprocessed,24,La cantidad de personas que fuman ha disminuido,dispués de legar a casa,0.875,0.766,0.125,20.404,7.557,2.7
MMS-1B-all,038010_2A_preprocessed,25,Después de llegar a casa del trabajo tomé la cena,el ladrón policía era famoso,1.0,0.7959,0.0,21.595,5.998,3.6
MMS-1B-all,038010_2A_preprocessed,26,El ladrón al que atrapó la policía era famoso,lepedi un amiga ke ayudalatra,1.0,0.7556,0.0,21.673,5.557,3.9
MMS-1B-all,038010_2A_preprocessed,27,Le pedí a un amigo que me ayudara con la tarea,examin no sand difficil,1.0,0.7826,0.0,21.335,3.334,6.4
MMS-1B-all,038010_2A_preprocessed,28,El examen no fue tan difícil como me habían dicho,amablaykessa,1.0,0.8776,0.0,20.685,10.342,2.0
MMS-1B-all,038010_2A_preprocessed,29,¿Serías tan amable de darme el libro que está en la mesa?,el libro que está en la mesa,0.4167,0.4909,0.5833,21.812,11.48,1.9
MMS-1B-all,038010_2A_preprocessed,30,Hay mucha gente que no toma nada para el desayuno,hay mucha gente que no toma nada para dese uno,0.2,0.102,0.8,20.707,6.275,3.3
MMS-1B-all,038011_1A_preprocessed,1,Quiero cortarme el pelo,quiero cortarme al pelo,0.25,0.0435,0.75,21.116,10.558,2.0
MMS-1B-all,038011_1A_preprocessed,2,El libro está en la mesa,el libro está en la messa,0.1667,0.0417,0.8333,21.372,13.358,1.6
MMS-1B-all,038011_1A_preprocessed,3,El carro lo tiene Pedro,el carro no tiene pelo,0.4,0.1304,0.6,20.505,11.392,1.8
MMS-1B-all,038011_1A_preprocessed,4,El se ducha cada mañana,ela se duca cara manhana,0.8,0.2174,0.2,21.415,8.566,2.5
MMS-1B-all,038011_1A_preprocessed,5,¿Qué dice usted que va a hacer hoy?,que dice usted que vase hoy,0.5,0.2424,0.5,21.388,9.722,2.2
MMS-1B-all,038011_1A_preprocessed,6,Dudo que sepa manejar muy bien,tuvo que se manejar bien,0.5,0.2667,0.5,21.207,6.841,3.1
MMS-1B-all,038011_1A_preprocessed,7,Las calles de esta ciudad son muy anchas,las calles ensaledad muchas añas,0.75,0.45,0.25,21.454,4.565,4.7
MMS-1B-all,038011_1A_preprocessed,8,Puede que llueva mañana todo el día,puere que lleva mañana tora da día,0.5714,0.1714,0.4286,20.618,8.964,2.3
MMS-1B-all,038011_1A_preprocessed,9,Las casas son muy bonitas pero caras,las casas son muy bonitas pero caras,0.0,0.0,1.0,21.49,6.14,3.5
MMS-1B-all,038011_1A_preprocessed,10,Me gustan las películas que acaban bien,me gusta las películas que acaban bien,0.1429,0.0256,0.8571,21.05,9.152,2.3
MMS-1B-all,038011_1A_preprocessed,11,El chico con el que yo salgo es español,el chico conectivo salgo está bien,0.6667,0.4103,0.3333,21.216,4.243,5.0
MMS-1B-all,038011_1A_preprocessed,12,Después de cenar me fui a dormir tranquilo,después de sanar me fui a poner tranquilo,0.25,0.1429,0.75,21.923,4.299,5.1
MMS-1B-all,038011_1A_preprocessed,13,Quiero una casa en la que vivan mis animales,qiero una kase que vivan a mis animales,0.5556,0.2273,0.4444,20.633,5.895,3.5
MMS-1B-all,038011_1A_preprocessed,14,A nosotros nos fascinan las fiestas grandiosas,a nosotros que los visas,0.7143,0.587,0.2857,20.589,8.236,2.5
MMS-1B-all,038011_1A_preprocessed,15,Ella sólo bebe cerveza y no come nada,ella sola su versa y como,0.75,0.5135,0.25,21.408,5.489,3.9
MMS-1B-all,038011_1A_preprocessed,16,Me gustaría que el precio de las casas bajara,me gustaría los precios de las caras p nada,0.6667,0.2667,0.3333,22.349,3.547,6.3
MMS-1B-all,038011_1A_preprocessed,17,Cruza a la derecha y después sigue todo recto,krsala dareca isiga dareco,1.0,0.5556,0.0,20.732,3.239,6.4
MMS-1B-all,038011_1A_preprocessed,18,Ella ha terminado de pintar su apartamento,heya ha terminado los a partamientos,0.7143,0.4048,0.2857,21.53,3.845,5.6
MMS-1B-all,038011_1A_preprocessed,19,Me gustaría que empezara a hacer más calor pronto,me gustaría las haser pronto,0.6667,0.4898,0.3333,22.107,3.454,6.4
MMS-1B-all,038011_1A_preprocessed,20,El niño al que se le murió el gato está triste,el niño que se murió el gato está triste,0.1818,0.1304,0.8182,20.606,5.152,4.0
MMS-1B-all,038011_1A_preprocessed,21,Una amiga mía cuida a los niños de mi vecino,una amiga bien cuidar los niños a m    vesino,0.6,0.2273,0.4,22.041,4.791,4.6
MMS-1B-all,038011_1A_preprocessed,22,El gato que era negro fue perseguido por el perro,el gato era negro y el perro,0.4,0.449,0.6,22.838,3.409,6.7
MMS-1B-all,038011_1A_preprocessed,23,Antes de poder salir él tiene que limpiar su cuarto,antes de que salir puede cuarto,0.6,0.4902,0.4,21.859,2.634,8.3
MMS-1B-all,038011_1A_preprocessed,24,La cantidad de personas que fuman ha disminuido,la cantidad de las personas fuman que misardido,0.5,0.3404,0.5,21.335,4.849,4.4
MMS-1B-all,038011_1A_preprocessed,25,Después de llegar a casa del trabajo tomé la cena,después de llegar a la casa fui a la cena,0.4,0.3469,0.6,21.022,3.688,5.7
MMS-1B-all,038011_1A_preprocessed,26,El ladrón al que atrapó la policía era famoso,perdón a la policía eran famosos,0.7778,0.4444,0.2222,23.245,3.321,7.0
MMS-1B-all,038011_1A_preprocessed,27,Le pedí a un amigo que me ayudara con la tarea,le pedí a un amigo que ayudar con mi tarea,0.2727,0.1304,0.7273,23.621,5.249,4.5
MMS-1B-all,038011_1A_preprocessed,28,El examen no fue tan difícil como me habían dicho,al examin nofue,1.0,0.7347,0.0,21.62,10.81,2.0
MMS-1B-all,038011_1A_preprocessed,29,¿Serías tan amable de darme el libro que está en la mesa?,serías amable que lo están,0.75,0.5636,0.25,22.49,7.497,3.0
MMS-1B-all,038011_1A_preprocessed,30,Hay mucha gente que no toma nada para el desayuno,hay mucha gente que no tomar al desan uno,0.5,0.2449,0.5,22.492,7.756,2.9
MMS-1B-all,038012_2A_preprocessed,1,Quiero cortarme el pelo,sierocortale,1.0,0.5217,0.0,21.698,16.69,1.3
MMS-1B-all,038012_2A_preprocessed,2,El libro está en la mesa,el libro está la m esa,0.5,0.1667,0.5,22.656,13.327,1.7
MMS-1B-all,038012_2A_preprocessed,3,El carro lo tiene Pedro,el carro lotiano pelo,0.6,0.2174,0.4,22.501,14.063,1.6
MMS-1B-all,038012_2A_preprocessed,4,El se ducha cada mañana,el seduce cara magnana,0.8,0.2609,0.2,22.373,12.429,1.8
MMS-1B-all,038012_2A_preprocessed,5,¿Qué dice usted que va a hacer hoy?,que dizo se que pas er hoy,0.75,0.3636,0.25,24.085,13.381,1.8
MMS-1B-all,038012_2A_preprocessed,6,Dudo que sepa manejar muy bien,turo se calezar tambien,1.0,0.5,0.0,24.15,6.192,3.9
MMS-1B-all,038012_2A_preprocessed,7,Las calles de esta ciudad son muy anchas,lacalosenteen  loscayas,1.0,0.675,0.0,24.543,3.958,6.2
MMS-1B-all,038012_2A_preprocessed,8,Puede que llueva mañana todo el día,pueblo ye que segue yaca,1.0,0.7143,0.0,22.369,9.726,2.3
MMS-1B-all,038012_2A_preprocessed,9,Las casas son muy bonitas pero caras,las casas son imponitas pero caras,0.2857,0.1389,0.7143,21.453,9.328,2.3
MMS-1B-all,038012_2A_preprocessed,10,Me gustan las películas que acaban bien,me gusta las peleculas pecar bien,0.5714,0.2308,0.4286,23.583,7.608,3.1
MMS-1B-all,038012_2A_preprocessed,11,El chico con el que yo salgo es español,el chico bonalio e español,0.6667,0.3846,0.3333,22.756,4.294,5.3
MMS-1B-all,038012_2A_preprocessed,12,Después de cenar me fui a dormir tranquilo,después llegar    dormir,0.75,0.5714,0.25,22.387,3.444,6.5
MMS-1B-all,038012_2A_preprocessed,13,Quiero una casa en la que vivan mis animales,quiero la casa está a mi animales,0.6667,0.3409,0.3333,22.244,5.296,4.2
MMS-1B-all,038012_2A_preprocessed,14,A nosotros nos fascinan las fiestas grandiosas,a nosotros facinamas a los nosotros,0.7143,0.4783,0.2857,21.826,4.547,4.8
MMS-1B-all,038012_2A_preprocessed,15,Ella sólo bebe cerveza y no come nada,es el conversinos del,1.0,0.7027,0.0,23.434,3.605,6.5
MMS-1B-all,038012_2A_preprocessed,16,Me gustaría que el precio de las casas bajara,me gustaría que los presos betsa,0.6667,0.4667,0.3333,22.195,3.468,6.4
MMS-1B-all,038012_2A_preprocessed,17,Cruza a la derecha y después sigue todo recto,oara laderecaa,1.0,0.7556,0.0,21.492,3.771,5.7
MMS-1B-all,038012_2A_preprocessed,18,Ella ha terminado de pintar su apartamento,era  terminado espac tamento,0.8571,0.4286,0.1429,21.666,3.735,5.8
MMS-1B-all,038012_2A_preprocessed,19,Me gustaría que empezara a hacer más calor pronto,me gustaría se pincaas esta gustaría pronto,0.6667,0.449,0.3333,22.91,3.471,6.6
MMS-1B-all,038012_2A_preprocessed,20,El niño al que se le murió el gato está triste,el minio sirio cato es  tan muy triste,0.8182,0.587,0.1818,23.192,4.141,5.6
MMS-1B-all,038012_2A_preprocessed,21,Una amiga mía cuida a los niños de mi vecino,una amiga bigalo en mia  medcino,0.8,0.5,0.2,22.382,4.389,5.1
MMS-1B-all,038012_2A_preprocessed,22,El gato que era negro fue perseguido por el perro,elgato sina negro el la pero,0.9,0.551,0.1,21.489,3.306,6.5
MMS-1B-all,038012_2A_preprocessed,23,Antes de poder salir él tiene que limpiar su cuarto,qese l empiar tustuquart,1.0,0.6863,0.0,22.13,8.196,2.7
MMS-1B-all,038012_2A_preprocessed,24,La cantidad de personas que fuman ha disminuido,la cantanalayas a forciona ulas personas,0.875,0.6809,0.125,22.113,4.021,5.5
MMS-1B-all,038012_2A_preprocessed,25,Después de llegar a casa del trabajo tomé la cena,después ea llegar a mi casa an voe a la scena,0.6,0.4082,0.4,22.737,4.06,5.6
MMS-1B-all,038012_2A_preprocessed,26,El ladrón al que atrapó la policía era famoso,policia era formoso,0.8889,0.6667,0.1111,23.893,14.055,1.7
MMS-1B-all,038012_2A_preprocessed,27,Le pedí a un amigo que me ayudara con la tarea,le peri de una  nemega,0.9091,0.6957,0.0909,22.605,4.914,4.6
MMS-1B-all,038012_2A_preprocessed,28,El examen no fue tan difícil como me habían dicho,toria est anno dificil per atrega,1.0,0.7347,0.0,22.569,4.702,4.8
MMS-1B-all,038012_2A_preprocessed,29,¿Serías tan amable de darme el libro que está en la mesa?,está en la mesa laestelibral asutanena,0.8333,0.6727,0.1667,22.852,2.856,8.0
MMS-1B-all,038012_2A_preprocessed,30,Hay mucha gente que no toma nada para el desayuno,a muco ejemplo pero,1.0,0.7347,0.0,21.941,2.709,8.1
MMS-1B-all,038015_1A_preprocessed,1,Quiero cortarme el pelo,quieroro cortame o pello,1.0,0.2609,0.0,22.163,13.852,1.6
MMS-1B-all,038015_1A_preprocessed,2,El libro está en la mesa,elipro sta na mesa,0.8333,0.3333,0.1667,22.191,13.87,1.6
MMS-1B-all,038015_1A_preprocessed,3,El carro lo tiene Pedro,el caro non tiene pelo,0.6,0.2174,0.4,21.478,9.763,2.2
MMS-1B-all,038015_1A_preprocessed,4,El se ducha cada mañana,el seducha cada mañana,0.4,0.0435,0.6,22.096,13.81,1.6
MMS-1B-all,038015_1A_preprocessed,5,¿Qué dice usted que va a hacer hoy?,ke dise ustedes ke vase aroj,1.0,0.4848,0.0,22.07,10.509,2.1
MMS-1B-all,038015_1A_preprocessed,6,Dudo que sepa manejar muy bien,tu vo kue sepamanaharbien,1.0,0.4,0.0,21.753,11.449,1.9
MMS-1B-all,038015_1A_preprocessed,7,Las calles de esta ciudad son muy anchas,las calles de esta ciudad son muy anchas,0.0,0.0,1.0,22.777,6.699,3.4
MMS-1B-all,038015_1A_preprocessed,8,Puede que llueva mañana todo el día,fuere que lleva mañana toro al día,0.5714,0.1429,0.4286,22.383,11.192,2.0
MMS-1B-all,038015_1A_preprocessed,9,Las casas son muy bonitas pero caras,las casas son muy bonitos pero caras,0.1429,0.0278,0.8571,28.514,10.561,2.7
MMS-1B-all,038015_1A_preprocessed,10,Me gustan las películas que acaban bien,me gusta las películas que acaban bien,0.1429,0.0256,0.8571,22.309,8.923,2.5
MMS-1B-all,038015_1A_preprocessed,11,El chico con el que yo salgo es español,el cico con esto algo es español,0.5556,0.2308,0.4444,22.294,8.257,2.7
MMS-1B-all,038015_1A_preprocessed,12,Después de cenar me fui a dormir tranquilo,despues de senar me fui a dormir tranquillo,0.375,0.0714,0.625,21.152,6.221,3.4
MMS-1B-all,038015_1A_preprocessed,13,Quiero una casa en la que vivan mis animales,quiero una casa en qale vivan mis animales,0.2222,0.0909,0.7778,22.394,7.465,3.0
MMS-1B-all,038015_1A_preprocessed,14,A nosotros nos fascinan las fiestas grandiosas,a nosotros nos fascinan las fiestas grandes,0.1429,0.087,0.8571,21.952,6.86,3.2
MMS-1B-all,038015_1A_preprocessed,15,Ella sólo bebe cerveza y no come nada,ella sólo bebe sevesa y comenada,0.5,0.1892,0.5,23.119,6.8,3.4
MMS-1B-all,038015_1A_preprocessed,16,Me gustaría que el precio de las casas bajara,me gustaría las precias cajas,0.6667,0.4444,0.3333,22.431,9.753,2.3
MMS-1B-all,038015_1A_preprocessed,17,Cruza a la derecha y después sigue todo recto,cruza a la derecha y sigue el toro resto,0.4444,0.2889,0.5556,23.147,7.467,3.1
MMS-1B-all,038015_1A_preprocessed,18,Ella ha terminado de pintar su apartamento,ello ha terminado a suspentar su apartamento,0.4286,0.1667,0.5714,24.746,7.07,3.5
MMS-1B-all,038015_1A_preprocessed,19,Me gustaría que empezara a hacer más calor pronto,me gustaría hacer más calor pronto,0.3333,0.3061,0.6667,23.329,5.69,4.1
MMS-1B-all,038015_1A_preprocessed,20,El niño al que se le murió el gato está triste,el niño que se morió el gato y está triste,0.3636,0.1957,0.6364,24.832,4.966,5.0
MMS-1B-all,038015_1A_preprocessed,21,Una amiga mía cuida a los niños de mi vecino,una amiga me quidaró a los niños,0.5,0.4091,0.5,23.159,8.577,2.7
MMS-1B-all,038015_1A_preprocessed,22,El gato que era negro fue perseguido por el perro,el gato negra fuera perseguido por el perro,0.4,0.2245,0.6,21.075,6.586,3.2
MMS-1B-all,038015_1A_preprocessed,23,Antes de poder salir él tiene que limpiar su cuarto,antes te tiene salir limpiar il quarto,0.7,0.4314,0.3,23.909,5.434,4.4
MMS-1B-all,038015_1A_preprocessed,24,La cantidad de personas que fuman ha disminuido,la qantitad de personas que fuman es,0.375,0.2979,0.625,25.264,5.156,4.9
MMS-1B-all,038015_1A_preprocessed,25,Después de llegar a casa del trabajo tomé la cena,después de llegar a la casa de    spués del trabajo come la cena,0.4,0.2857,0.6,23.438,4.507,5.2
MMS-1B-all,038015_1A_preprocessed,26,El ladrón al que atrapó la policía era famoso,el atrol que atrapó con la publicidad era famosa,0.5556,0.3556,0.4444,23.244,4.558,5.1
MMS-1B-all,038015_1A_preprocessed,27,Le pedí a un amigo que me ayudara con la tarea,le pedir a un amigo que me ayudan la trea,0.3636,0.1739,0.6364,23.096,5.021,4.6
MMS-1B-all,038015_1A_preprocessed,28,El examen no fue tan difícil como me habían dicho,el pruebo no fue difícil me ha dicho,0.4,0.3878,0.6,22.57,5.787,3.9
MMS-1B-all,038015_1A_preprocessed,29,¿Serías tan amable de darme el libro que está en la mesa?,serías tan amable puede darme el libro en el mesa,0.3333,0.2364,0.6667,22.345,3.92,5.7
MMS-1B-all,038015_1A_preprocessed,30,Hay mucha gente que no toma nada para el desayuno,hay mucha gente que no toma nada para el desayuno,0.0,0.0,1.0,23.221,6.634,3.5
wav2vec2-XLS-R-1B-es,038010_2A_preprocessed,1,Quiero cortarme el pelo,quiero cortarme al pelo,0.25,0.0435,0.75,17.861,10.506,1.7
wav2vec2-XLS-R-1B-es,038010_2A_preprocessed,2,El libro está en la mesa,el libro está en una mesa,0.1667,0.0833,0.8333,17.458,10.269,1.7
wav2vec2-XLS-R-1B-es,038010_2A_preprocessed,3,El carro lo tiene Pedro,el caro lo tiene pelo,0.4,0.1304,0.6,19.234,10.123,1.9
wav2vec2-XLS-R-1B-es,038010_2A_preprocessed,4,El se ducha cada mañana,aseduche cada mañana,0.6,0.2174,0.4,18.294,10.163,1.8
wav2vec2-XLS-R-1B-es,038010_2A_preprocessed,5,¿Qué dice usted que va a hacer hoy?,qué dice esteres que va a ser hoy,0.25,0.2121,0.75,20.181,8.072,2.5
wav2vec2-XLS-R-1B-es,038010_2A_preprocessed,6,Dudo que sepa manejar muy bien,yuro que sepa manejar muy bien,0.1667,0.0667,0.8333,21.776,8.71,2.5
wav2vec2-XLS-R-1B-es,038010_2A_preprocessed,7,Las calles de esta ciudad son muy anchas,las cales de esta ciudad son muy anchas,0.125,0.025,0.875,22.335,7.205,3.1
wav2vec2-XLS-R-1B-es,038010_2A_preprocessed,8,Puede que llueva mañana todo el día,puede que lleva mañana todo el día,0.1429,0.0286,0.8571,23.321,8.97,2.6
wav2vec2-XLS-R-1B-es,038010_2A_preprocessed,9,Las casas son muy bonitas pero caras,las casas son muy bonitas perpero caras,0.1429,0.0833,0.8571,24.231,5.385,4.5
wav2vec2-XLS-R-1B-es,038010_2A_preprocessed,10,Me gustan las películas que acaban bien,me gusta las películas que acaban bien,0.1429,0.0256,0.8571,27.283,10.494,2.6
wav2vec2-XLS-R-1B-es,038010_2A_preprocessed,11,El chico con el que yo salgo es español,el chico que hago es español,0.4444,0.3077,0.5556,23.598,6.742,3.5
wav2vec2-XLS-R-1B-es,038010_2A_preprocessed,12,Después de cenar me fui a dormir tranquilo,después de cenar me fui a dormir tranquilo,0.0,0.0,1.0,19.704,5.63,3.5
wav2vec2-XLS-R-1B-es,038010_2A_preprocessed,13,Quiero una casa en la que vivan mis animales,quiero una casa en la que vivan animales,0.1111,0.0909,0.8889,19.319,5.084,3.8
wav2vec2-XLS-R-1B-es,038010_2A_preprocessed,14,A nosotros nos fascinan las fiestas grandiosas,a nosotros,0.7143,0.7826,0.2857,33.673,24.052,1.4
wav2vec2-XLS-R-1B-es,038010_2A_preprocessed,15,Ella sólo bebe cerveza y no come nada,ella sola bebe cerveza y no cmocome nada,0.25,0.1351,0.75,21.478,4.211,5.1
wav2vec2-XLS-R-1B-es,038010_2A_preprocessed,16,Me gustaría que el precio de las casas bajara,me gustaría,0.7778,0.7556,0.2222,20.48,20.48,1.0
wav2vec2-XLS-R-1B-es,038010_2A_preprocessed,17,Cruza a la derecha y después sigue todo recto,pirsa a la derecha y después siga recto,0.3333,0.2444,0.6667,19.478,4.144,4.7
wav2vec2-XLS-R-1B-es,038010_2A_preprocessed,18,Ella ha terminado de pintar su apartamento,hella a terminar pintada su apartamento,0.7143,0.2143,0.2857,18.911,3.708,5.1
wav2vec2-XLS-R-1B-es,038010_2A_preprocessed,19,Me gustaría que empezara a hacer más calor pronto,el niño a que se murió el gato triste,1.0,0.6735,0.0,19.818,2.914,6.8
wav2vec2-XLS-R-1B-es,038010_2A_preprocessed,20,El niño al que se le murió el gato está triste,amiga mía cuidaron los niños,1.0,0.7609,0.0,20.144,3.73,5.4
wav2vec2-XLS-R-1B-es,038010_2A_preprocessed,21,Una amiga mía cuida a los niños de mi vecino,el gato quiera negro,1.0,0.75,0.0,20.196,7.768,2.6
wav2vec2-XLS-R-1B-es,038010_2A_preprocessed,22,El gato que era negro fue perseguido por el perro,antes de poder salir tiene que limpiar su corto,1.0,0.7551,0.0,19.947,3.694,5.4
wav2vec2-XLS-R-1B-es,038010_2A_preprocessed,23,Antes de poder salir él tiene que limpiar su cuarto,la cantidad de personas que fuman,0.9,0.7647,0.1,17.836,5.945,3.0
wav2vec2-XLS-R-1B-es,038010_2A_preprocessed,24,La cantidad de personas que fuman ha disminuido,después de llegar a casa,0.875,0.766,0.125,21.324,7.898,2.7
wav2vec2-XLS-R-1B-es,038010_2A_preprocessed,25,Después de llegar a casa del trabajo tomé la cena,el ladrón policía era famoso,1.0,0.7959,0.0,20.567,5.713,3.6
wav2vec2-XLS-R-1B-es,038010_2A_preprocessed,26,El ladrón al que atrapó la policía era famoso,le pedí un amigo que ayude a la trea,1.0,0.6667,0.0,17.478,4.482,3.9
wav2vec2-XLS-R-1B-es,038010_2A_preprocessed,27,Le pedí a un amigo que me ayudara con la tarea,examen no tan difícil,1.0,0.7826,0.0,19.962,3.119,6.4
wav2vec2-XLS-R-1B-es,038010_2A_preprocessed,28,El examen no fue tan difícil como me habían dicho,amable que está,1.0,0.8571,0.0,17.454,8.727,2.0
wav2vec2-XLS-R-1B-es,038010_2A_preprocessed,29,¿Serías tan amable de darme el libro que está en la mesa?,el libro que está en la mesa,0.4167,0.4909,0.5833,17.354,9.134,1.9
wav2vec2-XLS-R-1B-es,038010_2A_preprocessed,30,Hay mucha gente que no toma nada para el desayuno,hay mucha gente que no toma nada para desayuno,0.1,0.0612,0.9,18.324,5.553,3.3
wav2vec2-XLS-R-1B-es,038011_1A_preprocessed,1,Quiero cortarme el pelo,quiero cortarme al pelo,0.25,0.0435,0.75,17.229,8.614,2.0
wav2vec2-XLS-R-1B-es,038011_1A_preprocessed,2,El libro está en la mesa,el libro está en la mesa,0.0,0.0,1.0,17.68,11.05,1.6
wav2vec2-XLS-R-1B-es,038011_1A_preprocessed,3,El carro lo tiene Pedro,el carro no tiene pelo,0.4,0.1304,0.6,17.696,9.831,1.8
wav2vec2-XLS-R-1B-es,038011_1A_preprocessed,4,El se ducha cada mañana,ela se ducha cada mañana,0.2,0.0435,0.8,17.353,6.941,2.5
wav2vec2-XLS-R-1B-es,038011_1A_preprocessed,5,¿Qué dice usted que va a hacer hoy?,qué dice usted qué vaase hoy,0.5,0.2121,0.5,17.572,7.987,2.2
wav2vec2-XLS-R-1B-es,038011_1A_preprocessed,6,Dudo que sepa manejar muy bien,tuvo que se manejar bien,0.5,0.2667,0.5,17.544,5.659,3.1
wav2vec2-XLS-R-1B-es,038011_1A_preprocessed,7,Las calles de esta ciudad son muy anchas,las calles en salidad muchas añas,0.75,0.425,0.25,17.984,3.826,4.7
wav2vec2-XLS-R-1B-es,038011_1A_preprocessed,8,Puede que llueva mañana todo el día,puede que lleva mañana toda adía,0.5714,0.1429,0.4286,17.682,7.688,2.3
wav2vec2-XLS-R-1B-es,038011_1A_preprocessed,9,Las casas son muy bonitas pero caras,las casas son muy bonitas pero caras,0.0,0.0,1.0,17.811,5.089,3.5
wav2vec2-XLS-R-1B-es,038011_1A_preprocessed,10,Me gustan las películas que acaban bien,me gusta las pelíquulas que caban bien,0.4286,0.1026,0.5714,17.566,7.637,2.3
wav2vec2-XLS-R-1B-es,038011_1A_preprocessed,11,El chico con el que yo salgo es español,al chico conectivo sorgo está bien,0.8889,0.4872,0.1111,17.884,3.577,5.0
wav2vec2-XLS-R-1B-es,038011_1A_preprocessed,12,Después de cenar me fui a dormir tranquilo,después de sanar me fui a poner tranquilo,0.25,0.1429,0.75,18.065,3.542,5.1
wav2vec2-XLS-R-1B-es,038011_1A_preprocessed,13,Quiero una casa en la que vivan mis animales,quiero una casa que viven a mis animales,0.4444,0.2045,0.5556,17.476,4.993,3.5
wav2vec2-XLS-R-1B-es,038011_1A_preprocessed,14,A nosotros nos fascinan las fiestas grandiosas,a nosotros que los fisas,0.7143,0.5652,0.2857,17.122,6.849,2.5
wav2vec2-XLS-R-1B-es,038011_1A_preprocessed,15,Ella sólo bebe cerveza y no come nada,ella sola ceversa y como,0.75,0.5135,0.25,17.941,4.6,3.9
wav2vec2-XLS-R-1B-es,038011_1A_preprocessed,16,Me gustaría que el precio de las casas bajara,me gustaría los precios de las caras ganada,0.5556,0.2444,0.4444,17.93,2.846,6.3
wav2vec2-XLS-R-1B-es,038011_1A_preprocessed,17,Cruza a la derecha y después sigue todo recto,cruza ala derecha y siga derecho,0.6667,0.3556,0.3333,17.789,2.78,6.4
wav2vec2-XLS-R-1B-es,038011_1A_preprocessed,18,Ella ha terminado de pintar su apartamento,ella ha terminado losapartamientos,0.5714,0.3333,0.4286,18.043,3.222,5.6
wav2vec2-XLS-R-1B-es,038011_1A_preprocessed,19,Me gustaría que empezara a hacer más calor pronto,me gustaría las hacer pronto,0.5556,0.4694,0.4444,17.938,2.803,6.4
wav2vec2-XLS-R-1B-es,038011_1A_preprocessed,20,El niño al que se le murió el gato está triste,el niño que se murió al gato está triste,0.2727,0.1522,0.7273,17.537,4.384,4.0
wav2vec2-XLS-R-1B-es,038011_1A_preprocessed,21,Una amiga mía cuida a los niños de mi vecino,una amiga bien cuidardos niñosa mi mvecino,0.7,0.2727,0.3,17.462,3.796,4.6
wav2vec2-XLS-R-1B-es,038011_1A_preprocessed,22,El gato que era negro fue perseguido por el perro,el gato era negro y el perro,0.4,0.449,0.6,18.419,2.749,6.7
wav2vec2-XLS-R-1B-es,038011_1A_preprocessed,23,Antes de poder salir él tiene que limpiar su cuarto,ántese que salir puede cuarto,0.8,0.549,0.2,18.024,2.172,8.3
wav2vec2-XLS-R-1B-es,038011_1A_preprocessed,24,La cantidad de personas que fuman ha disminuido,la cantidad de las personas fuman que mi sardido,0.625,0.3617,0.375,17.592,3.998,4.4
wav2vec2-XLS-R-1B-es,038011_1A_preprocessed,25,Después de llegar a casa del trabajo tomé la cena,después de rilegar a la casa fui a la cena,0.5,0.3878,0.5,18.581,3.26,5.7
wav2vec2-XLS-R-1B-es,038011_1A_preprocessed,26,El ladrón al que atrapó la policía era famoso,perdón a la policía eran famosos,0.7778,0.4444,0.2222,18.147,2.592,7.0
wav2vec2-XLS-R-1B-es,038011_1A_preprocessed,27,Le pedí a un amigo que me ayudara con la tarea,le pedía a un amigo que ayudara con mi tarea,0.2727,0.1304,0.7273,17.31,3.847,4.5
wav2vec2-XLS-R-1B-es,038011_1A_preprocessed,28,El examen no fue tan difícil como me habían dicho,el examen no fue,0.6,0.6735,0.4,17.364,8.682,2.0
wav2vec2-XLS-R-1B-es,038011_1A_preprocessed,29,¿Serías tan amable de darme el libro que está en la mesa?,serías amable que lo están,0.75,0.5636,0.25,17.693,5.898,3.0
wav2vec2-XLS-R-1B-es,038011_1A_preprocessed,30,Hay mucha gente que no toma nada para el desayuno,hay mucha gente que no tomara l desinuno,0.5,0.2245,0.5,17.881,6.166,2.9
wav2vec2-XLS-R-1B-es,038012_2A_preprocessed,1,Quiero cortarme el pelo,quiero cortarmel,0.75,0.3043,0.25,17.437,13.413,1.3
wav2vec2-XLS-R-1B-es,038012_2A_preprocessed,2,El libro está en la mesa,el libro está a la mesa,0.1667,0.0833,0.8333,18.057,10.622,1.7
wav2vec2-XLS-R-1B-es,038012_2A_preprocessed,3,El carro lo tiene Pedro,el carro lo tiene pelo,0.2,0.087,0.8,18.138,11.337,1.6
wav2vec2-XLS-R-1B-es,038012_2A_preprocessed,4,El se ducha cada mañana,él se duche cara mañana,0.6,0.1304,0.4,17.844,9.913,1.8
wav2vec2-XLS-R-1B-es,038012_2A_preprocessed,5,¿Qué dice usted que va a hacer hoy?,querizo sé qué pas heroy,1.0,0.5152,0.0,16.789,9.327,1.8
wav2vec2-XLS-R-1B-es,038012_2A_preprocessed,6,Dudo que sepa manejar muy bien,duros de calesartambién,1.0,0.5667,0.0,17.538,4.497,3.9
wav2vec2-XLS-R-1B-es,038012_2A_preprocessed,7,Las calles de esta ciudad son muy anchas,lacallos sente nos callas ante,1.0,0.625,0.0,17.912,2.889,6.2
wav2vec2-XLS-R-1B-es,038012_2A_preprocessed,8,Puede que llueva mañana todo el día,pueblo ye que seguí yacae,1.0,0.7143,0.0,17.535,7.624,2.3
wav2vec2-XLS-R-1B-es,038012_2A_preprocessed,9,Las casas son muy bonitas pero caras,las casas son bonita pero carass,0.4286,0.1667,0.5714,17.529,7.621,2.3
wav2vec2-XLS-R-1B-es,038012_2A_preprocessed,10,Me gustan las películas que acaban bien,me gustan las paléquulas pecar bien,0.4286,0.2821,0.5714,19.478,6.283,3.1
wav2vec2-XLS-R-1B-es,038012_2A_preprocessed,11,El chico con el que yo salgo es español,el chico esponalio esesbañol,0.7778,0.4103,0.2222,18.343,3.461,5.3
wav2vec2-XLS-R-1B-es,038012_2A_preprocessed,12,Después de cenar me fui a dormir tranquilo,después llegar dormía,0.875,0.5952,0.125,18.98,2.92,6.5
wav2vec2-XLS-R-1B-es,038012_2A_preprocessed,13,Quiero una casa en la que vivan mis animales,quiero la casa está a mianimales,0.7778,0.3636,0.2222,19.467,4.635,4.2
wav2vec2-XLS-R-1B-es,038012_2A_preprocessed,14,A nosotros nos fascinan las fiestas grandiosas,a nosotros afassinabas a los nosotros,0.7143,0.4783,0.2857,18.894,3.936,4.8
wav2vec2-XLS-R-1B-es,038012_2A_preprocessed,15,Ella sólo bebe cerveza y no come nada,eras el conversinos del,1.0,0.6757,0.0,17.409,2.678,6.5
wav2vec2-XLS-R-1B-es,038012_2A_preprocessed,16,Me gustaría que el precio de las casas bajara,me gustaría que los presados bestaras a,0.6667,0.4222,0.3333,18.317,2.862,6.4
wav2vec2-XLS-R-1B-es,038012_2A_preprocessed,17,Cruza a la derecha y después sigue todo recto,cruzar a la atarecha a,0.7778,0.6667,0.2222,19.014,3.336,5.7
wav2vec2-XLS-R-1B-es,038012_2A_preprocessed,18,Ella ha terminado de pintar su apartamento,hea terminado espaslalamento,0.8571,0.4524,0.1429,18.041,3.11,5.8
wav2vec2-XLS-R-1B-es,038012_2A_preprocessed,19,Me gustaría que empezara a hacer más calor pronto,me gustaríase pincarrlas esta gustaría pronto,0.7778,0.4694,0.2222,17.33,2.626,6.6
wav2vec2-XLS-R-1B-es,038012_2A_preprocessed,20,El niño al que se le murió el gato está triste,el nino el niño ciriocato es tan muy triste,0.8182,0.5435,0.1818,18.44,3.293,5.6
wav2vec2-XLS-R-1B-es,038012_2A_preprocessed,21,Una amiga mía cuida a los niños de mi vecino,una amiga picalo en mi vescino,0.7,0.4545,0.3,17.911,3.512,5.1
wav2vec2-XLS-R-1B-es,038012_2A_preprocessed,22,El gato que era negro fue perseguido por el perro,adgato yocinñaner negro y el laper,0.8,0.6122,0.2,18.25,2.808,6.5
wav2vec2-XLS-R-1B-es,038012_2A_preprocessed,23,Antes de poder salir él tiene que limpiar su cuarto,qué se lempia tuscuart,1.0,0.6863,0.0,17.192,6.367,2.7
wav2vec2-XLS-R-1B-es,038012_2A_preprocessed,24,La cantidad de personas que fuman ha disminuido,la cantidalaas haforcionado las personas,0.875,0.6383,0.125,17.244,3.135,5.5
wav2vec2-XLS-R-1B-es,038012_2A_preprocessed,25,Después de llegar a casa del trabajo tomé la cena,después ya llegar a mi casa anvoe a la cena,0.5,0.3878,0.5,17.485,3.122,5.6
wav2vec2-XLS-R-1B-es,038012_2A_preprocessed,26,El ladrón al que atrapó la policía era famoso,lecía era formosou,0.8889,0.7111,0.1111,17.572,10.336,1.7
wav2vec2-XLS-R-1B-es,038012_2A_preprocessed,27,Le pedí a un amigo que me ayudara con la tarea,la piri de una namega,1.0,0.7174,0.0,17.778,3.865,4.6
wav2vec2-XLS-R-1B-es,038012_2A_preprocessed,28,El examen no fue tan difícil como me habían dicho,aariada es tá no difícil pera atarecha,0.9,0.6327,0.1,18.109,3.773,4.8
wav2vec2-XLS-R-1B-es,038012_2A_preprocessed,29,¿Serías tan amable de darme el libro que está en la mesa?,qué está en la mesa latlibro suntrena,0.8333,0.6545,0.1667,18.036,2.254,8.0
wav2vec2-XLS-R-1B-es,038012_2A_preprocessed,30,Hay mucha gente que no toma nada para el desayuno,ha mucho ejemplo pero,1.0,0.6939,0.0,18.765,2.317,8.1
wav2vec2-XLS-R-1B-es,038015_1A_preprocessed,1,Quiero cortarme el pelo,quiero rcortrarme o pelo,0.5,0.1739,0.5,17.276,10.797,1.6
wav2vec2-XLS-R-1B-es,038015_1A_preprocessed,2,El libro está en la mesa,el lipro está en la mesa,0.1667,0.0417,0.8333,17.345,10.841,1.6
wav2vec2-XLS-R-1B-es,038015_1A_preprocessed,3,El carro lo tiene Pedro,el carro no tiene pelo,0.4,0.1304,0.6,17.127,7.785,2.2
wav2vec2-XLS-R-1B-es,038015_1A_preprocessed,4,El se ducha cada mañana,él ceducha cada mañana,0.6,0.1304,0.4,17.652,11.032,1.6
wav2vec2-XLS-R-1B-es,038015_1A_preprocessed,5,¿Qué dice usted que va a hacer hoy?,qué dicen ustedes que vasearoy,0.75,0.3333,0.25,17.945,8.545,2.1
wav2vec2-XLS-R-1B-es,038015_1A_preprocessed,6,Dudo que sepa manejar muy bien,tuvo que sepa manajaro bian,0.6667,0.2667,0.3333,17.4,9.158,1.9
wav2vec2-XLS-R-1B-es,038015_1A_preprocessed,7,Las calles de esta ciudad son muy anchas,las callas de esta ciudad son muy anchas,0.125,0.025,0.875,17.934,5.275,3.4
wav2vec2-XLS-R-1B-es,038015_1A_preprocessed,8,Puede que llueva mañana todo el día,fuere que lleva mañana toro al día,0.5714,0.1429,0.4286,17.516,8.758,2.0
wav2vec2-XLS-R-1B-es,038015_1A_preprocessed,9,Las casas son muy bonitas pero caras,las casas san muy bonitos pero caras,0.2857,0.0556,0.7143,17.446,6.461,2.7
wav2vec2-XLS-R-1B-es,038015_1A_preprocessed,10,Me gustan las películas que acaban bien,me gusta las películas que acaban bien,0.1429,0.0256,0.8571,17.578,7.031,2.5
wav2vec2-XLS-R-1B-es,038015_1A_preprocessed,11,El chico con el que yo salgo es español,el chico con esto algo es español,0.4444,0.2051,0.5556,17.479,6.474,2.7
wav2vec2-XLS-R-1B-es,038015_1A_preprocessed,12,Después de cenar me fui a dormir tranquilo,despueste cenar me fui a dormir tranquilo,0.25,0.0714,0.75,17.747,5.22,3.4
wav2vec2-XLS-R-1B-es,038015_1A_preprocessed,13,Quiero una casa en la que vivan mis animales,quierro una casa en cualevivan mis animales,0.4444,0.1591,0.5556,17.738,5.913,3.0
wav2vec2-XLS-R-1B-es,038015_1A_preprocessed,14,A nosotros nos fascinan las fiestas grandiosas,a nosotros nos fascinan las fiestas grandes,0.1429,0.087,0.8571,17.671,5.522,3.2
wav2vec2-XLS-R-1B-es,038015_1A_preprocessed,15,Ella sólo bebe cerveza y no come nada,ella solo bebe sevesa y come nada,0.375,0.1892,0.625,18.139,5.335,3.4
wav2vec2-XLS-R-1B-es,038015_1A_preprocessed,16,Me gustaría que el precio de las casas bajara,me gustaría las precias cajas,0.6667,0.4444,0.3333,17.522,7.618,2.3
wav2vec2-XLS-R-1B-es,038015_1A_preprocessed,17,Cruza a la derecha y después sigue todo recto,cruza a la trecha y sigue el toro resto,0.5556,0.3333,0.4444,18.687,6.028,3.1
wav2vec2-XLS-R-1B-es,038015_1A_preprocessed,18,Ella ha terminado de pintar su apartamento,ello ha terminado a suspentar su apartamento,0.4286,0.1667,0.5714,19.002,5.429,3.5
wav2vec2-XLS-R-1B-es,038015_1A_preprocessed,19,Me gustaría que empezara a hacer más calor pronto,me gustaría hacer más calor pronto,0.3333,0.3061,0.6667,19.365,4.723,4.1
wav2vec2-XLS-R-1B-es,038015_1A_preprocessed,20,El niño al que se le murió el gato está triste,al niño que se morió el gato y está triste,0.4545,0.2174,0.5455,17.925,3.585,5.0
wav2vec2-XLS-R-1B-es,038015_1A_preprocessed,21,Una amiga mía cuida a los niños de mi vecino,una amica me cuidadon a los niños,0.6,0.4318,0.4,17.556,6.502,2.7
wav2vec2-XLS-R-1B-es,038015_1A_preprocessed,22,El gato que era negro fue perseguido por el perro,el gato negro fuera perseguido por el perro,0.3,0.2041,0.7,18.479,5.775,3.2
wav2vec2-XLS-R-1B-es,038015_1A_preprocessed,23,Antes de poder salir él tiene que limpiar su cuarto,antes te tieney salir limpiar el cuarto,0.6,0.4118,0.4,18.318,4.163,4.4
wav2vec2-XLS-R-1B-es,038015_1A_preprocessed,24,La cantidad de personas que fuman ha disminuido,la cantidad tede personas que fuman es,0.375,0.2979,0.625,18.593,3.795,4.9
wav2vec2-XLS-R-1B-es,038015_1A_preprocessed,25,Después de llegar a casa del trabajo tomé la cena,después de llegar a la casa despueste o trabajo come la zana,0.5,0.3265,0.5,19.859,3.819,5.2
wav2vec2-XLS-R-1B-es,038015_1A_preprocessed,26,El ladrón al que atrapó la policía era famoso,el latrón que atrapó con la poblicidad era famosa,0.5556,0.2889,0.4444,19.641,3.851,5.1
wav2vec2-XLS-R-1B-es,038015_1A_preprocessed,27,Le pedí a un amigo que me ayudara con la tarea,le pedí a un amigo que me ayudan la tarea,0.1818,0.1087,0.8182,18.858,4.1,4.6
wav2vec2-XLS-R-1B-es,038015_1A_preprocessed,28,El examen no fue tan difícil como me habían dicho,el pruebo no fue dificiomejan dicho,0.6,0.449,0.4,19.145,4.909,3.9
wav2vec2-XLS-R-1B-es,038015_1A_preprocessed,29,¿Serías tan amable de darme el libro que está en la mesa?,serías tan amable puede darme el libro en el mesa,0.3333,0.2364,0.6667,19.05,3.342,5.7
wav2vec2-XLS-R-1B-es,038015_1A_preprocessed,30,Hay mucha gente que no toma nada para el desayuno,hay mucha gente que no toma nada para el desayo no,0.2,0.0408,0.8,17.46,4.989,3.5
MMS-1B-fl102,038010_2A_preprocessed,1,Quiero cortarme el pelo,k o,1.0,0.913,0.0,15.106,8.886,1.7
MMS-1B-fl102,038010_2A_preprocessed,2,El libro está en la mesa,ele libro é stá na mesa,0.6667,0.25,0.3333,18.297,10.763,1.7
MMS-1B-fl102,038010_2A_preprocessed,3,El carro lo tiene Pedro,car c ar  on tnnnen nolnn,1.0,0.6957,0.0,16.883,8.886,1.9
MMS-1B-fl102,038010_2A_preprocessed,4,El se ducha cada mañana,ea nnen nnnenn n n ane,1.0,0.7826,0.0,17.011,9.451,1.8
MMS-1B-fl102,038010_2A_preprocessed,5,¿Qué dice usted que va a hacer hoy?,e  d  se sr sevasn o,1.0,0.6667,0.0,16.585,6.634,2.5
MMS-1B-fl102,038010_2A_preprocessed,6,Dudo que sepa manejar muy bien,n tur ke sene manennann nui nin,1.0,0.5667,0.0,17.312,6.925,2.5
MMS-1B-fl102,038010_2A_preprocessed,7,Las calles de esta ciudad son muy anchas,las caes de esta ciutad son mui hangas,0.5,0.175,0.5,17.451,5.629,3.1
MMS-1B-fl102,038010_2A_preprocessed,8,Puede que llueva mañana todo el día,m a,1.0,0.9143,0.0,16.712,6.428,2.6
MMS-1B-fl102,038010_2A_preprocessed,9,Las casas son muy bonitas pero caras,las casas son mui bonitas per o caras,0.4286,0.0556,0.5714,16.908,3.757,4.5
MMS-1B-fl102,038010_2A_preprocessed,10,Me gustan las películas que acaban bien,me gosta las peliculanenenannpanv an bien,0.5714,0.359,0.4286,16.716,6.429,2.6
MMS-1B-fl102,038010_2A_preprocessed,11,El chico con el que yo salgo es español,el chica que aga es españhol,0.6667,0.3846,0.3333,16.723,4.778,3.5
MMS-1B-fl102,038010_2A_preprocessed,12,Después de cenar me fui a dormir tranquilo,desp después de cenar me fui a dormir tranquilo,0.125,0.119,0.875,16.761,4.789,3.5
MMS-1B-fl102,038010_2A_preprocessed,13,Quiero una casa en la que vivan mis animales,r qe    una casa eng la ke vinen n n nanles,0.8889,0.3864,0.1111,16.815,4.425,3.8
MMS-1B-fl102,038010_2A_preprocessed,14,A nosotros nos fascinan las fiestas grandiosas,ea n n n a,1.0,0.8261,0.0,16.955,12.111,1.4
MMS-1B-fl102,038010_2A_preprocessed,15,Ella sólo bebe cerveza y no come nada,e e sola bebe cerveza y no comenada,0.625,0.1622,0.375,16.64,3.263,5.1
MMS-1B-fl102,038010_2A_preprocessed,16,Me gustaría que el precio de las casas bajara,nin n n n n n no,1.0,0.8667,0.0,16.533,16.533,1.0
MMS-1B-fl102,038010_2A_preprocessed,17,Cruza a la derecha y después sigue todo recto,virsa a la drecha y despuéi sigva recto,0.5556,0.2889,0.4444,17.222,3.664,4.7
MMS-1B-fl102,038010_2A_preprocessed,18,Ella ha terminado de pintar su apartamento,ey terminar nnrinnandanan o ne apartamento,0.8571,0.5476,0.1429,17.33,3.398,5.1
MMS-1B-fl102,038010_2A_preprocessed,19,Me gustaría que empezara a hacer más calor pronto,al ninhu a que se moriu al gatu triste,1.0,0.6939,0.0,17.625,2.592,6.8
MMS-1B-fl102,038010_2A_preprocessed,20,El niño al que se le murió el gato está triste,a ami a mia kuidaron nos nínus,1.0,0.7826,0.0,17.415,3.225,5.4
MMS-1B-fl102,038010_2A_preprocessed,21,Una amiga mía cuida a los niños de mi vecino,elel gato  cera nennro,1.0,0.7955,0.0,17.472,6.72,2.6
MMS-1B-fl102,038010_2A_preprocessed,22,El gato que era negro fue perseguido por el perro,ants de poder salir tiene que limpiar su cuerto,1.0,0.7347,0.0,17.338,3.211,5.4
MMS-1B-fl102,038010_2A_preprocessed,23,Antes de poder salir él tiene que limpiar su cuarto,la quantitat de personas que fuman,0.9,0.7843,0.1,17.507,5.836,3.0
MMS-1B-fl102,038010_2A_preprocessed,24,La cantidad de personas que fuman ha disminuido,dues te      na c e,1.0,0.8085,0.0,17.948,6.647,2.7
MMS-1B-fl102,038010_2A_preprocessed,25,Después de llegar a casa del trabajo tomé la cena,enen ladron policía era famoso,1.0,0.7959,0.0,17.661,4.906,3.6
MMS-1B-fl102,038010_2A_preprocessed,26,El ladrón al que atrapó la policía era famoso,l  u nmia  ke aio at rha,1.0,0.7333,0.0,17.353,4.449,3.9
MMS-1B-fl102,038010_2A_preprocessed,27,Le pedí a un amigo que me ayudara con la tarea,el examen n n n nonn n n n n n n ncanen n a,1.0,0.7609,0.0,18.24,2.85,6.4
MMS-1B-fl102,038010_2A_preprocessed,28,El examen no fue tan difícil como me habían dicho,aa n n n n n n n n,1.0,0.7551,0.0,17.048,8.524,2.0
MMS-1B-fl102,038010_2A_preprocessed,29,¿Serías tan amable de darme el libro que está en la mesa?,elel libro que s stá n la mesa,0.75,0.5091,0.25,16.727,8.804,1.9
MMS-1B-fl102,038010_2A_preprocessed,30,Hay mucha gente que no toma nada para el desayuno,ay a hete kio o me naa paro desa  o o,1.0,0.449,0.0,17.282,5.237,3.3
MMS-1B-fl102,038011_1A_preprocessed,1,Quiero cortarme el pelo,uer otel ne abtelo,1.0,0.5652,0.0,17.376,8.688,2.0
MMS-1B-fl102,038011_1A_preprocessed,2,El libro está en la mesa,bro ostan la messa,0.8333,0.4167,0.1667,16.819,10.512,1.6
MMS-1B-fl102,038011_1A_preprocessed,3,El carro lo tiene Pedro,el carro no tiene pelo,0.4,0.1304,0.6,16.803,9.335,1.8
MMS-1B-fl102,038011_1A_preprocessed,4,El se ducha cada mañana,ela  se adúta kara manhana,0.8,0.3913,0.2,17.637,7.055,2.5
MMS-1B-fl102,038011_1A_preprocessed,5,¿Qué dice usted que va a hacer hoy?,ue ue dice usted que va haser oy,0.625,0.2424,0.375,17.319,7.872,2.2
MMS-1B-fl102,038011_1A_preprocessed,6,Dudo que sepa manejar muy bien,tun e nne manarvi n,1.0,0.6,0.0,17.347,5.596,3.1
MMS-1B-fl102,038011_1A_preprocessed,7,Las calles de esta ciudad son muy anchas,las qaes en soledat  mulchas  anas,0.875,0.55,0.125,17.136,3.646,4.7
MMS-1B-fl102,038011_1A_preprocessed,8,Puede que llueva mañana todo el día,puemuere que lleva meñana torro del día,0.7143,0.2571,0.2857,17.818,7.747,2.3
MMS-1B-fl102,038011_1A_preprocessed,9,Las casas son muy bonitas pero caras,las casas son mui bonitas  pero caras,0.1429,0.0278,0.8571,19.068,5.448,3.5
MMS-1B-fl102,038011_1A_preprocessed,10,Me gustan las películas que acaban bien,me costa las películas que acavan bien,0.2857,0.1026,0.7143,17.429,7.578,2.3
MMS-1B-fl102,038011_1A_preprocessed,11,El chico con el que yo salgo es español,al chico connectivo sogo esta bien,0.8889,0.4872,0.1111,17.735,3.547,5.0
MMS-1B-fl102,038011_1A_preprocessed,12,Después de cenar me fui a dormir tranquilo,desp de senar me fui a poner tranquilo,0.375,0.1905,0.625,17.733,3.477,5.1
MMS-1B-fl102,038011_1A_preprocessed,13,Quiero una casa en la que vivan mis animales,qiero e una casa ke viva en amis animales,0.7778,0.3182,0.2222,16.631,4.752,3.5
MMS-1B-fl102,038011_1A_preprocessed,14,A nosotros nos fascinan las fiestas grandiosas,a a nosonros nenn n n,0.8571,0.6957,0.1429,17.293,6.917,2.5
MMS-1B-fl102,038011_1A_preprocessed,15,Ella sólo bebe cerveza y no come nada,el a suada serversa y como,0.875,0.5676,0.125,17.495,4.486,3.9
MMS-1B-fl102,038011_1A_preprocessed,16,Me gustaría que el precio de las casas bajara,me custaría los precios de los karas fenada,0.7778,0.3333,0.2222,17.863,2.835,6.3
MMS-1B-fl102,038011_1A_preprocessed,17,Cruza a la derecha y después sigue todo recto,cr  dareca izsiga dareco,1.0,0.6,0.0,17.076,2.668,6.4
MMS-1B-fl102,038011_1A_preprocessed,18,Ella ha terminado de pintar su apartamento,ey a determinado los a  partamientos,1.0,0.4524,0.0,17.598,3.142,5.6
MMS-1B-fl102,038011_1A_preprocessed,19,Me gustaría que empezara a hacer más calor pronto,me gustaría las asser n n n pronto,0.6667,0.4694,0.3333,16.908,2.642,6.4
MMS-1B-fl102,038011_1A_preprocessed,20,El niño al que se le murió el gato está triste,al niño  que se mórió al gato está triste,0.4545,0.1957,0.5455,17.478,4.37,4.0
MMS-1B-fl102,038011_1A_preprocessed,21,Una amiga mía cuida a los niños de mi vecino,un amiga vien  cuidar dos niños a me  vecino,0.7,0.25,0.3,17.786,3.867,4.6
MMS-1B-fl102,038011_1A_preprocessed,22,El gato que era negro fue perseguido por el perro,al  ata era negra i a perro,0.8,0.551,0.2,17.249,2.574,6.7
MMS-1B-fl102,038011_1A_preprocessed,23,Antes de poder salir él tiene que limpiar su cuarto,antes  que salir fue de guarto,0.8,0.549,0.2,17.688,2.131,8.3
MMS-1B-fl102,038011_1A_preprocessed,24,La cantidad de personas que fuman ha disminuido,la cantidad de las personas fuman  que mi sardio,0.625,0.383,0.375,17.541,3.987,4.4
MMS-1B-fl102,038011_1A_preprocessed,25,Después de llegar a casa del trabajo tomé la cena,despus de riegar la casa fui a la scena,0.7,0.3878,0.3,16.989,2.98,5.7
MMS-1B-fl102,038011_1A_preprocessed,26,El ladrón al que atrapó la policía era famoso,ofrdon a la polícia eran famosas,0.8889,0.5333,0.1111,17.666,2.524,7.0
MMS-1B-fl102,038011_1A_preprocessed,27,Le pedí a un amigo que me ayudara con la tarea,le pedí a un amiga que ayudat com mi terrea,0.5455,0.2391,0.4545,17.373,3.861,4.5
MMS-1B-fl102,038011_1A_preprocessed,28,El examen no fue tan difícil como me habían dicho,ealln en nn n n,1.0,0.7959,0.0,17.575,8.787,2.0
MMS-1B-fl102,038011_1A_preprocessed,29,¿Serías tan amable de darme el libro que está en la mesa?,seguerías amable  que lo están,0.8333,0.6182,0.1667,17.314,5.771,3.0
MMS-1B-fl102,038011_1A_preprocessed,30,Hay mucha gente que no toma nada para el desayuno,ay mue hete k no omara e sa o,0.9,0.4898,0.1,16.425,5.664,2.9
MMS-1B-fl102,038012_2A_preprocessed,1,Quiero cortarme el pelo,lin n n n n n,1.0,0.8261,0.0,17.324,13.326,1.3
MMS-1B-fl102,038012_2A_preprocessed,2,El libro está en la mesa,el e  libro entan la me sa,0.8333,0.2917,0.1667,17.043,10.025,1.7
MMS-1B-fl102,038012_2A_preprocessed,3,El carro lo tiene Pedro,en el  aro onnon ntinan non pelon,1.0,0.8261,0.0,16.965,10.603,1.6
MMS-1B-fl102,038012_2A_preprocessed,4,El se ducha cada mañana,elsn n n nnannon nannn n,1.0,0.7826,0.0,16.893,9.385,1.8
MMS-1B-fl102,038012_2A_preprocessed,5,¿Qué dice usted que va a hacer hoy?,e e dis onen nnen pas e nr oy,1.0,0.6061,0.0,16.932,9.407,1.8
MMS-1B-fl102,038012_2A_preprocessed,6,Dudo que sepa manejar muy bien,luun nn serca lasar n n n nannn,1.0,0.7,0.0,17.113,4.388,3.9
MMS-1B-fl102,038012_2A_preprocessed,7,Las calles de esta ciudad son muy anchas,lasla gala  nsennternn nanannas cann,1.0,0.75,0.0,17.285,2.788,6.2
MMS-1B-fl102,038012_2A_preprocessed,8,Puede que llueva mañana todo el día,puen n n nyitin n nonano o,1.0,0.7143,0.0,16.957,7.373,2.3
MMS-1B-fl102,038012_2A_preprocessed,9,Las casas son muy bonitas pero caras,es asanonnnnonita n perokaras,1.0,0.4444,0.0,16.622,7.227,2.3
MMS-1B-fl102,038012_2A_preprocessed,10,Me gustan las películas que acaban bien,ue me gusata e las peolinunan nenren nen,1.0,0.5385,0.0,16.944,5.466,3.1
MMS-1B-fl102,038012_2A_preprocessed,11,El chico con el que yo salgo es español,en e chico enn nnnmmonanlnan nenesnpanol,1.0,0.6154,0.0,17.629,3.326,5.3
MMS-1B-fl102,038012_2A_preprocessed,12,Después de cenar me fui a dormir tranquilo,o  as je gare terniann i n n n n ni n n n n,1.0,0.8095,0.0,17.728,2.727,6.5
MMS-1B-fl102,038012_2A_preprocessed,13,Quiero una casa en la que vivan mis animales,canuier la casa entann naninanancen n,0.8889,0.5909,0.1111,16.945,4.035,4.2
MMS-1B-fl102,038012_2A_preprocessed,14,A nosotros nos fascinan las fiestas grandiosas,a noo  sefa snn nabas a lo nosot,1.0,0.587,0.0,17.463,3.638,4.8
MMS-1B-fl102,038012_2A_preprocessed,15,Ella sólo bebe cerveza y no come nada,elac e a s del  covercianann n n n nn  n n n nden no,1.0,0.9189,0.0,17.327,2.666,6.5
MMS-1B-fl102,038012_2A_preprocessed,16,Me gustaría que el precio de las casas bajara,me ustaría que los presas nonnnann n n n n n nnna nnna na nr,1.0,0.7778,0.0,16.755,2.618,6.4
MMS-1B-fl102,038012_2A_preprocessed,17,Cruza a la derecha y después sigue todo recto,slosar a l a dreja annn n n n n n n n n n n n n n n n n o,1.0,0.9111,0.0,16.362,2.87,5.7
MMS-1B-fl102,038012_2A_preprocessed,18,Ella ha terminado de pintar su apartamento,er  a  terminado n eneancncncin n n n n n ncn nencn n n e n,1.0,0.9286,0.0,18.034,3.109,5.8
MMS-1B-fl102,038012_2A_preprocessed,19,Me gustaría que empezara a hacer más calor pronto,me me gustaríá ser pigatas esta gustaríá pronto,0.7778,0.5306,0.2222,16.87,2.556,6.6
MMS-1B-fl102,038012_2A_preprocessed,20,El niño al que se le murió el gato está triste,el el mínu sirigato es ta mui triste,0.8182,0.587,0.1818,17.738,3.168,5.6
MMS-1B-fl102,038012_2A_preprocessed,21,Una amiga mía cuida a los niños de mi vecino,ai a mi g  micalo endi mina  medicino,1.0,0.6364,0.0,16.829,3.3,5.1
MMS-1B-fl102,038012_2A_preprocessed,22,El gato que era negro fue perseguido por el perro,sines gato sina negro e  la pero,0.8,0.6122,0.2,17.512,2.694,6.5
MMS-1B-fl102,038012_2A_preprocessed,23,Antes de poder salir él tiene que limpiar su cuarto,eosin ne n n on n npiannnnn n n n n nin n a,1.0,0.8039,0.0,16.243,6.016,2.7
MMS-1B-fl102,038012_2A_preprocessed,24,La cantidad de personas que fuman ha disminuido,las a cantanalaias afonncinan nnans personanns,1.0,0.7447,0.0,17.343,3.153,5.5
MMS-1B-fl102,038012_2A_preprocessed,25,Después de llegar a casa del trabajo tomé la cena,depués i a iagar a mi caça onvoe a la scéna,0.9,0.5306,0.1,17.852,3.188,5.6
MMS-1B-fl102,038012_2A_preprocessed,26,El ladrón al que atrapó la policía era famoso,n n n,1.0,0.9333,0.0,17.915,10.538,1.7
MMS-1B-fl102,038012_2A_preprocessed,27,Le pedí a un amigo que me ayudara con la tarea,le n nnnnnnnne an nonan nen na n,0.9091,0.6957,0.0909,17.267,3.754,4.6
MMS-1B-fl102,038012_2A_preprocessed,28,El examen no fue tan difícil como me habían dicho,usarija es un now dificil per atraca,1.0,0.6735,0.0,17.384,3.622,4.8
MMS-1B-fl102,038012_2A_preprocessed,29,¿Serías tan amable de darme el libro que está en la mesa?,se está en la mema la ennnnntennlibra nn nn onanona,1.0,0.6909,0.0,18.293,2.287,8.0
MMS-1B-fl102,038012_2A_preprocessed,30,Hay mucha gente que no toma nada para el desayuno,alr n enpolen peronen n n n n n n n n n n n n n n n nn  nan a ao,1.0,0.9796,0.0,18.104,2.235,8.1
MMS-1B-fl102,038015_1A_preprocessed,1,Quiero cortarme el pelo,kier kier   kotra men opnenno n,1.0,0.8696,0.0,16.575,10.36,1.6
MMS-1B-fl102,038015_1A_preprocessed,2,El libro está en la mesa,eli preve ostav na mesa,0.8333,0.5,0.1667,17.344,10.84,1.6
MMS-1B-fl102,038015_1A_preprocessed,3,El carro lo tiene Pedro,el caronon tnne pelu,0.8,0.3913,0.2,17.579,7.991,2.2
MMS-1B-fl102,038015_1A_preprocessed,4,El se ducha cada mañana,el se ducha cada manhana,0.2,0.087,0.8,17.835,11.147,1.6
MMS-1B-fl102,038015_1A_preprocessed,5,¿Qué dice usted que va a hacer hoy?,etseo usterske vase a eroy,0.875,0.5455,0.125,20.26,9.648,2.1
MMS-1B-fl102,038015_1A_preprocessed,6,Dudo que sepa manejar muy bien,n n  ne snenen nannan eennonbinn,1.0,0.7,0.0,17.952,9.449,1.9
MMS-1B-fl102,038015_1A_preprocessed,7,Las calles de esta ciudad son muy anchas,las a qalas de este ciudad son mui ancha s,0.75,0.2,0.25,17.04,5.012,3.4
MMS-1B-fl102,038015_1A_preprocessed,8,Puede que llueva mañana todo el día,uer qe eve manana toro aldía,1.0,0.3429,0.0,16.887,8.443,2.0
MMS-1B-fl102,038015_1A_preprocessed,9,Las casas son muy bonitas pero caras,las a casas son mui bonitos pero caras,0.4286,0.1111,0.5714,16.877,6.251,2.7
MMS-1B-fl102,038015_1A_preprocessed,10,Me gustan las películas que acaban bien,me me gusta las películas que acaban bien,0.2857,0.1026,0.7143,16.962,6.785,2.5
MMS-1B-fl102,038015_1A_preprocessed,11,El chico con el que yo salgo es español,el  e chicó conene ano on n en español,0.7778,0.4103,0.2222,17.154,6.353,2.7
MMS-1B-fl102,038015_1A_preprocessed,12,Después de cenar me fui a dormir tranquilo,desps despues de senar me fui a dormir tranquilo,0.375,0.1905,0.625,17.17,5.05,3.4
MMS-1B-fl102,038015_1A_preprocessed,13,Quiero una casa en la que vivan mis animales,quier  una casa en kale vivan mis animals,0.4444,0.1364,0.5556,17.052,5.684,3.0
MMS-1B-fl102,038015_1A_preprocessed,14,A nosotros nos fascinan las fiestas grandiosas,an  a nosotros nos fascinan las fiestas grandes,0.2857,0.1522,0.7143,17.813,5.567,3.2
MMS-1B-fl102,038015_1A_preprocessed,15,Ella sólo bebe cerveza y no come nada,ea solo beba cervesa i comenada,1.0,0.2703,0.0,17.167,5.049,3.4
MMS-1B-fl102,038015_1A_preprocessed,16,Me gustaría que el precio de las casas bajara,me m gustaría las precias cajas,0.7778,0.4889,0.2222,18.134,7.884,2.3
MMS-1B-fl102,038015_1A_preprocessed,17,Cruza a la derecha y después sigue todo recto,crusa a la trecha y sige al toro resto,0.6667,0.3556,0.3333,18.842,6.078,3.1
MMS-1B-fl102,038015_1A_preprocessed,18,Ella ha terminado de pintar su apartamento,e a terminado a suspentar so apartamen to,1.0,0.2857,0.0,18.941,5.412,3.5
MMS-1B-fl102,038015_1A_preprocessed,19,Me gustaría que empezara a hacer más calor pronto,me me gostariá ésser mas  calor panto,0.7778,0.5102,0.2222,18.896,4.609,4.1
MMS-1B-fl102,038015_1A_preprocessed,20,El niño al que se le murió el gato está triste,l     u kese mori velgato í e stát tristé,1.0,0.5,0.0,17.186,3.437,5.0
MMS-1B-fl102,038015_1A_preprocessed,21,Una amiga mía cuida a los niños de mi vecino,un  ami a me cuidarú a los ninos,0.9,0.4545,0.1,17.367,6.432,2.7
MMS-1B-fl102,038015_1A_preprocessed,22,El gato que era negro fue perseguido por el perro,el caton negra fora perseguida per el perrol,0.8,0.3265,0.2,17.639,5.512,3.2
MMS-1B-fl102,038015_1A_preprocessed,23,Antes de poder salir él tiene que limpiar su cuarto,antes de tianne solúr  limpiarél cuarto,0.7,0.4706,0.3,17.159,3.9,4.4
MMS-1B-fl102,038015_1A_preprocessed,24,La cantidad de personas que fuman ha disminuido,la quantitat de personas que  fuman es,0.375,0.3404,0.625,16.917,3.452,4.9
MMS-1B-fl102,038015_1A_preprocessed,25,Después de llegar a casa del trabajo tomé la cena,después de llegar a la casa e de después del trabaho com es la scena,0.8,0.449,0.2,17.602,3.385,5.2
MMS-1B-fl102,038015_1A_preprocessed,26,El ladrón al que atrapó la policía era famoso,el letrol que atrapau qan la publicitat éra famosa,0.7778,0.4222,0.2222,17.792,3.489,5.1
MMS-1B-fl102,038015_1A_preprocessed,27,Le pedí a un amigo que me ayudara con la tarea,le pedir a un amiga que me audan la trea,0.4545,0.2174,0.5455,17.121,3.722,4.6
MMS-1B-fl102,038015_1A_preprocessed,28,El examen no fue tan difícil como me habían dicho,eho  e prvodnou foi difícilmi ha dico,1.0,0.5306,0.0,17.554,4.501,3.9
MMS-1B-fl102,038015_1A_preprocessed,29,¿Serías tan amable de darme el libro que está en la mesa?,sere tan amable puede tarme el libro en el mese,0.5833,0.3273,0.4167,18.055,3.168,5.7
MMS-1B-fl102,038015_1A_preprocessed,30,Hay mucha gente que no toma nada para el desayuno,hay mucha gente que no toma nada para  el desegiuno,0.1,0.0612,0.9,17.422,4.978,3.5
NeMo Conformer-CTC-Large (es),038010_2A_preprocessed,1,Quiero cortarme el pelo,ERROR: 'Hypothesis' object has no attribute 'strip',,,,,,1.7
NeMo Conformer-CTC-Large (es),038010_2A_preprocessed,2,El libro está en la mesa,ERROR: 'Hypothesis' object has no attribute 'strip',,,,,,1.7
NeMo Conformer-CTC-Large (es),038010_2A_preprocessed,3,El carro lo tiene Pedro,ERROR: 'Hypothesis' object has no attribute 'strip',,,,,,1.9
NeMo Conformer-CTC-Large (es),038010_2A_preprocessed,4,El se ducha cada mañana,ERROR: 'Hypothesis' object has no attribute 'strip',,,,,,1.8
NeMo Conformer-CTC-Large (es),038010_2A_preprocessed,5,¿Qué dice usted que va a hacer hoy?,ERROR: 'Hypothesis' object has no attribute 'strip',,,,,,2.5
NeMo Conformer-CTC-Large (es),038010_2A_preprocessed,6,Dudo que sepa manejar muy bien,ERROR: 'Hypothesis' object has no attribute 'strip',,,,,,2.5
NeMo Conformer-CTC-Large (es),038010_2A_preprocessed,7,Las calles de esta ciudad son muy anchas,ERROR: 'Hypothesis' object has no attribute 'strip',,,,,,3.1
NeMo Conformer-CTC-Large (es),038010_2A_preprocessed,8,Puede que llueva mañana todo el día,ERROR: 'Hypothesis' object has no attribute 'strip',,,,,,2.6
NeMo Conformer-CTC-Large (es),038010_2A_preprocessed,9,Las casas son muy bonitas pero caras,ERROR: 'Hypothesis' object has no attribute 'strip',,,,,,4.5
NeMo Conformer-CTC-Large (es),038010_2A_preprocessed,10,Me gustan las películas que acaban bien,ERROR: 'Hypothesis' object has no attribute 'strip',,,,,,2.6
NeMo Conformer-CTC-Large (es),038010_2A_preprocessed,11,El chico con el que yo salgo es español,ERROR: 'Hypothesis' object has no attribute 'strip',,,,,,3.5
NeMo Conformer-CTC-Large (es),038010_2A_preprocessed,12,Después de cenar me fui a dormir tranquilo,ERROR: 'Hypothesis' object has no attribute 'strip',,,,,,3.5
NeMo Conformer-CTC-Large (es),038010_2A_preprocessed,13,Quiero una casa en la que vivan mis animales,ERROR: 'Hypothesis' object has no attribute 'strip',,,,,,3.8
NeMo Conformer-CTC-Large (es),038010_2A_preprocessed,14,A nosotros nos fascinan las fiestas grandiosas,ERROR: 'Hypothesis' object has no attribute 'strip',,,,,,1.4
NeMo Conformer-CTC-Large (es),038010_2A_preprocessed,15,Ella sólo bebe cerveza y no come nada,ERROR: 'Hypothesis' object has no attribute 'strip',,,,,,5.1
NeMo Conformer-CTC-Large (es),038010_2A_preprocessed,16,Me gustaría que el precio de las casas bajara,ERROR: 'Hypothesis' object has no attribute 'strip',,,,,,1.0
NeMo Conformer-CTC-Large (es),038010_2A_preprocessed,17,Cruza a la derecha y después sigue todo recto,ERROR: 'Hypothesis' object has no attribute 'strip',,,,,,4.7
NeMo Conformer-CTC-Large (es),038010_2A_preprocessed,18,Ella ha terminado de pintar su apartamento,ERROR: 'Hypothesis' object has no attribute 'strip',,,,,,5.1
NeMo Conformer-CTC-Large (es),038010_2A_preprocessed,19,Me gustaría que empezara a hacer más calor pronto,ERROR: 'Hypothesis' object has no attribute 'strip',,,,,,6.8
NeMo Conformer-CTC-Large (es),038010_2A_preprocessed,20,El niño al que se le murió el gato está triste,ERROR: 'Hypothesis' object has no attribute 'strip',,,,,,5.4
NeMo Conformer-CTC-Large (es),038010_2A_preprocessed,21,Una amiga mía cuida a los niños de mi vecino,ERROR: 'Hypothesis' object has no attribute 'strip',,,,,,2.6
NeMo Conformer-CTC-Large (es),038010_2A_preprocessed,22,El gato que era negro fue perseguido por el perro,ERROR: 'Hypothesis' object has no attribute 'strip',,,,,,5.4
NeMo Conformer-CTC-Large (es),038010_2A_preprocessed,23,Antes de poder salir él tiene que limpiar su cuarto,ERROR: 'Hypothesis' object has no attribute 'strip',,,,,,3.0
NeMo Conformer-CTC-Large (es),038010_2A_preprocessed,24,La cantidad de personas que fuman ha disminuido,ERROR: 'Hypothesis' object has no attribute 'strip',,,,,,2.7
NeMo Conformer-CTC-Large (es),038010_2A_preprocessed,25,Después de llegar a casa del trabajo tomé la cena,ERROR: 'Hypothesis' object has no attribute 'strip',,,,,,3.6
NeMo Conformer-CTC-Large (es),038010_2A_preprocessed,26,El ladrón al que atrapó la policía era famoso,ERROR: 'Hypothesis' object has no attribute 'strip',,,,,,3.9
NeMo Conformer-CTC-Large (es),038010_2A_preprocessed,27,Le pedí a un amigo que me ayudara con la tarea,ERROR: 'Hypothesis' object has no attribute 'strip',,,,,,6.4
NeMo Conformer-CTC-Large (es),038010_2A_preprocessed,28,El examen no fue tan difícil como me habían dicho,ERROR: 'Hypothesis' object has no attribute 'strip',,,,,,2.0
NeMo Conformer-CTC-Large (es),038010_2A_preprocessed,29,¿Serías tan amable de darme el libro que está en la mesa?,ERROR: 'Hypothesis' object has no attribute 'strip',,,,,,1.9
NeMo Conformer-CTC-Large (es),038010_2A_preprocessed,30,Hay mucha gente que no toma nada para el desayuno,ERROR: 'Hypothesis' object has no attribute 'strip',,,,,,3.3
NeMo Conformer-CTC-Large (es),038011_1A_preprocessed,1,Quiero cortarme el pelo,ERROR: 'Hypothesis' object has no attribute 'strip',,,,,,2.0
NeMo Conformer-CTC-Large (es),038011_1A_preprocessed,2,El libro está en la mesa,ERROR: 'Hypothesis' object has no attribute 'strip',,,,,,1.6
NeMo Conformer-CTC-Large (es),038011_1A_preprocessed,3,El carro lo tiene Pedro,ERROR: 'Hypothesis' object has no attribute 'strip',,,,,,1.8
NeMo Conformer-CTC-Large (es),038011_1A_preprocessed,4,El se ducha cada mañana,ERROR: 'Hypothesis' object has no attribute 'strip',,,,,,2.5
NeMo Conformer-CTC-Large (es),038011_1A_preprocessed,5,¿Qué dice usted que va a hacer hoy?,ERROR: 'Hypothesis' object has no attribute 'strip',,,,,,2.2
NeMo Conformer-CTC-Large (es),038011_1A_preprocessed,6,Dudo que sepa manejar muy bien,ERROR: 'Hypothesis' object has no attribute 'strip',,,,,,3.1
NeMo Conformer-CTC-Large (es),038011_1A_preprocessed,7,Las calles de esta ciudad son muy anchas,ERROR: 'Hypothesis' object has no attribute 'strip',,,,,,4.7
NeMo Conformer-CTC-Large (es),038011_1A_preprocessed,8,Puede que llueva mañana todo el día,ERROR: 'Hypothesis' object has no attribute 'strip',,,,,,2.3
NeMo Conformer-CTC-Large (es),038011_1A_preprocessed,9,Las casas son muy bonitas pero caras,ERROR: 'Hypothesis' object has no attribute 'strip',,,,,,3.5
NeMo Conformer-CTC-Large (es),038011_1A_preprocessed,10,Me gustan las películas que acaban bien,ERROR: 'Hypothesis' object has no attribute 'strip',,,,,,2.3
NeMo Conformer-CTC-Large (es),038011_1A_preprocessed,11,El chico con el que yo salgo es español,ERROR: 'Hypothesis' object has no attribute 'strip',,,,,,5.0
NeMo Conformer-CTC-Large (es),038011_1A_preprocessed,12,Después de cenar me fui a dormir tranquilo,ERROR: 'Hypothesis' object has no attribute 'strip',,,,,,5.1
NeMo Conformer-CTC-Large (es),038011_1A_preprocessed,13,Quiero una casa en la que vivan mis animales,ERROR: 'Hypothesis' object has no attribute 'strip',,,,,,3.5
NeMo Conformer-CTC-Large (es),038011_1A_preprocessed,14,A nosotros nos fascinan las fiestas grandiosas,ERROR: 'Hypothesis' object has no attribute 'strip',,,,,,2.5
NeMo Conformer-CTC-Large (es),038011_1A_preprocessed,15,Ella sólo bebe cerveza y no come nada,ERROR: 'Hypothesis' object has no attribute 'strip',,,,,,3.9
NeMo Conformer-CTC-Large (es),038011_1A_preprocessed,16,Me gustaría que el precio de las casas bajara,ERROR: 'Hypothesis' object has no attribute 'strip',,,,,,6.3
NeMo Conformer-CTC-Large (es),038011_1A_preprocessed,17,Cruza a la derecha y después sigue todo recto,ERROR: 'Hypothesis' object has no attribute 'strip',,,,,,6.4
NeMo Conformer-CTC-Large (es),038011_1A_preprocessed,18,Ella ha terminado de pintar su apartamento,ERROR: 'Hypothesis' object has no attribute 'strip',,,,,,5.6
NeMo Conformer-CTC-Large (es),038011_1A_preprocessed,19,Me gustaría que empezara a hacer más calor pronto,ERROR: 'Hypothesis' object has no attribute 'strip',,,,,,6.4
NeMo Conformer-CTC-Large (es),038011_1A_preprocessed,20,El niño al que se le murió el gato está triste,ERROR: 'Hypothesis' object has no attribute 'strip',,,,,,4.0
NeMo Conformer-CTC-Large (es),038011_1A_preprocessed,21,Una amiga mía cuida a los niños de mi vecino,ERROR: 'Hypothesis' object has no attribute 'strip',,,,,,4.6
NeMo Conformer-CTC-Large (es),038011_1A_preprocessed,22,El gato que era negro fue perseguido por el perro,ERROR: 'Hypothesis' object has no attribute 'strip',,,,,,6.7
NeMo Conformer-CTC-Large (es),038011_1A_preprocessed,23,Antes de poder salir él tiene que limpiar su cuarto,ERROR: 'Hypothesis' object has no attribute 'strip',,,,,,8.3
NeMo Conformer-CTC-Large (es),038011_1A_preprocessed,24,La cantidad de personas que fuman ha disminuido,ERROR: 'Hypothesis' object has no attribute 'strip',,,,,,4.4
NeMo Conformer-CTC-Large (es),038011_1A_preprocessed,25,Después de llegar a casa del trabajo tomé la cena,ERROR: 'Hypothesis' object has no attribute 'strip',,,,,,5.7
NeMo Conformer-CTC-Large (es),038011_1A_preprocessed,26,El ladrón al que atrapó la policía era famoso,ERROR: 'Hypothesis' object has no attribute 'strip',,,,,,7.0
NeMo Conformer-CTC-Large (es),038011_1A_preprocessed,27,Le pedí a un amigo que me ayudara con la tarea,ERROR: 'Hypothesis' object has no attribute 'strip',,,,,,4.5
NeMo Conformer-CTC-Large (es),038011_1A_preprocessed,28,El examen no fue tan difícil como me habían dicho,ERROR: 'Hypothesis' object has no attribute 'strip',,,,,,2.0
NeMo Conformer-CTC-Large (es),038011_1A_preprocessed,29,¿Serías tan amable de darme el libro que está en la mesa?,ERROR: 'Hypothesis' object has no attribute 'strip',,,,,,3.0
NeMo Conformer-CTC-Large (es),038011_1A_preprocessed,30,Hay mucha gente que no toma nada para el desayuno,ERROR: 'Hypothesis' object has no attribute 'strip',,,,,,2.9
NeMo Conformer-CTC-Large (es),038012_2A_preprocessed,1,Quiero cortarme el pelo,ERROR: 'Hypothesis' object has no attribute 'strip',,,,,,1.3
NeMo Conformer-CTC-Large (es),038012_2A_preprocessed,2,El libro está en la mesa,ERROR: 'Hypothesis' object has no attribute 'strip',,,,,,1.7
NeMo Conformer-CTC-Large (es),038012_2A_preprocessed,3,El carro lo tiene Pedro,ERROR: 'Hypothesis' object has no attribute 'strip',,,,,,1.6
NeMo Conformer-CTC-Large (es),038012_2A_preprocessed,4,El se ducha cada mañana,ERROR: 'Hypothesis' object has no attribute 'strip',,,,,,1.8
NeMo Conformer-CTC-Large (es),038012_2A_preprocessed,5,¿Qué dice usted que va a hacer hoy?,ERROR: 'Hypothesis' object has no attribute 'strip',,,,,,1.8
NeMo Conformer-CTC-Large (es),038012_2A_preprocessed,6,Dudo que sepa manejar muy bien,ERROR: 'Hypothesis' object has no attribute 'strip',,,,,,3.9
NeMo Conformer-CTC-Large (es),038012_2A_preprocessed,7,Las calles de esta ciudad son muy anchas,ERROR: 'Hypothesis' object has no attribute 'strip',,,,,,6.2
NeMo Conformer-CTC-Large (es),038012_2A_preprocessed,8,Puede que llueva mañana todo el día,ERROR: 'Hypothesis' object has no attribute 'strip',,,,,,2.3
NeMo Conformer-CTC-Large (es),038012_2A_preprocessed,9,Las casas son muy bonitas pero caras,ERROR: 'Hypothesis' object has no attribute 'strip',,,,,,2.3
NeMo Conformer-CTC-Large (es),038012_2A_preprocessed,10,Me gustan las películas que acaban bien,ERROR: 'Hypothesis' object has no attribute 'strip',,,,,,3.1
NeMo Conformer-CTC-Large (es),038012_2A_preprocessed,11,El chico con el que yo salgo es español,ERROR: 'Hypothesis' object has no attribute 'strip',,,,,,5.3
NeMo Conformer-CTC-Large (es),038012_2A_preprocessed,12,Después de cenar me fui a dormir tranquilo,ERROR: 'Hypothesis' object has no attribute 'strip',,,,,,6.5
NeMo Conformer-CTC-Large (es),038012_2A_preprocessed,13,Quiero una casa en la que vivan mis animales,ERROR: 'Hypothesis' object has no attribute 'strip',,,,,,4.2
NeMo Conformer-CTC-Large (es),038012_2A_preprocessed,14,A nosotros nos fascinan las fiestas grandiosas,ERROR: 'Hypothesis' object has no attribute 'strip',,,,,,4.8
NeMo Conformer-CTC-Large (es),038012_2A_preprocessed,15,Ella sólo bebe cerveza y no come nada,ERROR: 'Hypothesis' object has no attribute 'strip',,,,,,6.5
NeMo Conformer-CTC-Large (es),038012_2A_preprocessed,16,Me gustaría que el precio de las casas bajara,ERROR: 'Hypothesis' object has no attribute 'strip',,,,,,6.4
NeMo Conformer-CTC-Large (es),038012_2A_preprocessed,17,Cruza a la derecha y después sigue todo recto,ERROR: 'Hypothesis' object has no attribute 'strip',,,,,,5.7
NeMo Conformer-CTC-Large (es),038012_2A_preprocessed,18,Ella ha terminado de pintar su apartamento,ERROR: 'Hypothesis' object has no attribute 'strip',,,,,,5.8
NeMo Conformer-CTC-Large (es),038012_2A_preprocessed,19,Me gustaría que empezara a hacer más calor pronto,ERROR: 'Hypothesis' object has no attribute 'strip',,,,,,6.6
NeMo Conformer-CTC-Large (es),038012_2A_preprocessed,20,El niño al que se le murió el gato está triste,ERROR: 'Hypothesis' object has no attribute 'strip',,,,,,5.6
NeMo Conformer-CTC-Large (es),038012_2A_preprocessed,21,Una amiga mía cuida a los niños de mi vecino,ERROR: 'Hypothesis' object has no attribute 'strip',,,,,,5.1
NeMo Conformer-CTC-Large (es),038012_2A_preprocessed,22,El gato que era negro fue perseguido por el perro,ERROR: 'Hypothesis' object has no attribute 'strip',,,,,,6.5
NeMo Conformer-CTC-Large (es),038012_2A_preprocessed,23,Antes de poder salir él tiene que limpiar su cuarto,ERROR: 'Hypothesis' object has no attribute 'strip',,,,,,2.7
NeMo Conformer-CTC-Large (es),038012_2A_preprocessed,24,La cantidad de personas que fuman ha disminuido,ERROR: 'Hypothesis' object has no attribute 'strip',,,,,,5.5
NeMo Conformer-CTC-Large (es),038012_2A_preprocessed,25,Después de llegar a casa del trabajo tomé la cena,ERROR: 'Hypothesis' object has no attribute 'strip',,,,,,5.6
NeMo Conformer-CTC-Large (es),038012_2A_preprocessed,26,El ladrón al que atrapó la policía era famoso,ERROR: 'Hypothesis' object has no attribute 'strip',,,,,,1.7
NeMo Conformer-CTC-Large (es),038012_2A_preprocessed,27,Le pedí a un amigo que me ayudara con la tarea,ERROR: 'Hypothesis' object has no attribute 'strip',,,,,,4.6
NeMo Conformer-CTC-Large (es),038012_2A_preprocessed,28,El examen no fue tan difícil como me habían dicho,ERROR: 'Hypothesis' object has no attribute 'strip',,,,,,4.8
NeMo Conformer-CTC-Large (es),038012_2A_preprocessed,29,¿Serías tan amable de darme el libro que está en la mesa?,ERROR: 'Hypothesis' object has no attribute 'strip',,,,,,8.0
NeMo Conformer-CTC-Large (es),038012_2A_preprocessed,30,Hay mucha gente que no toma nada para el desayuno,ERROR: 'Hypothesis' object has no attribute 'strip',,,,,,8.1
NeMo Conformer-CTC-Large (es),038015_1A_preprocessed,1,Quiero cortarme el pelo,ERROR: 'Hypothesis' object has no attribute 'strip',,,,,,1.6
NeMo Conformer-CTC-Large (es),038015_1A_preprocessed,2,El libro está en la mesa,ERROR: 'Hypothesis' object has no attribute 'strip',,,,,,1.6
NeMo Conformer-CTC-Large (es),038015_1A_preprocessed,3,El carro lo tiene Pedro,ERROR: 'Hypothesis' object has no attribute 'strip',,,,,,2.2
NeMo Conformer-CTC-Large (es),038015_1A_preprocessed,4,El se ducha cada mañana,ERROR: 'Hypothesis' object has no attribute 'strip',,,,,,1.6
NeMo Conformer-CTC-Large (es),038015_1A_preprocessed,5,¿Qué dice usted que va a hacer hoy?,ERROR: 'Hypothesis' object has no attribute 'strip',,,,,,2.1
NeMo Conformer-CTC-Large (es),038015_1A_preprocessed,6,Dudo que sepa manejar muy bien,ERROR: 'Hypothesis' object has no attribute 'strip',,,,,,1.9
NeMo Conformer-CTC-Large (es),038015_1A_preprocessed,7,Las calles de esta ciudad son muy anchas,ERROR: 'Hypothesis' object has no attribute 'strip',,,,,,3.4
NeMo Conformer-CTC-Large (es),038015_1A_preprocessed,8,Puede que llueva mañana todo el día,ERROR: 'Hypothesis' object has no attribute 'strip',,,,,,2.0
NeMo Conformer-CTC-Large (es),038015_1A_preprocessed,9,Las casas son muy bonitas pero caras,ERROR: 'Hypothesis' object has no attribute 'strip',,,,,,2.7
NeMo Conformer-CTC-Large (es),038015_1A_preprocessed,10,Me gustan las películas que acaban bien,ERROR: 'Hypothesis' object has no attribute 'strip',,,,,,2.5
NeMo Conformer-CTC-Large (es),038015_1A_preprocessed,11,El chico con el que yo salgo es español,ERROR: 'Hypothesis' object has no attribute 'strip',,,,,,2.7
NeMo Conformer-CTC-Large (es),038015_1A_preprocessed,12,Después de cenar me fui a dormir tranquilo,ERROR: 'Hypothesis' object has no attribute 'strip',,,,,,3.4
NeMo Conformer-CTC-Large (es),038015_1A_preprocessed,13,Quiero una casa en la que vivan mis animales,ERROR: 'Hypothesis' object has no attribute 'strip',,,,,,3.0
NeMo Conformer-CTC-Large (es),038015_1A_preprocessed,14,A nosotros nos fascinan las fiestas grandiosas,ERROR: 'Hypothesis' object has no attribute 'strip',,,,,,3.2
NeMo Conformer-CTC-Large (es),038015_1A_preprocessed,15,Ella sólo bebe cerveza y no come nada,ERROR: 'Hypothesis' object has no attribute 'strip',,,,,,3.4
NeMo Conformer-CTC-Large (es),038015_1A_preprocessed,16,Me gustaría que el precio de las casas bajara,ERROR: 'Hypothesis' object has no attribute 'strip',,,,,,2.3
NeMo Conformer-CTC-Large (es),038015_1A_preprocessed,17,Cruza a la derecha y después sigue todo recto,ERROR: 'Hypothesis' object has no attribute 'strip',,,,,,3.1
NeMo Conformer-CTC-Large (es),038015_1A_preprocessed,18,Ella ha terminado de pintar su apartamento,ERROR: 'Hypothesis' object has no attribute 'strip',,,,,,3.5
NeMo Conformer-CTC-Large (es),038015_1A_preprocessed,19,Me gustaría que empezara a hacer más calor pronto,ERROR: 'Hypothesis' object has no attribute 'strip',,,,,,4.1
NeMo Conformer-CTC-Large (es),038015_1A_preprocessed,20,El niño al que se le murió el gato está triste,ERROR: 'Hypothesis' object has no attribute 'strip',,,,,,5.0
NeMo Conformer-CTC-Large (es),038015_1A_preprocessed,21,Una amiga mía cuida a los niños de mi vecino,ERROR: 'Hypothesis' object has no attribute 'strip',,,,,,2.7
NeMo Conformer-CTC-Large (es),038015_1A_preprocessed,22,El gato que era negro fue perseguido por el perro,ERROR: 'Hypothesis' object has no attribute 'strip',,,,,,3.2
NeMo Conformer-CTC-Large (es),038015_1A_preprocessed,23,Antes de poder salir él tiene que limpiar su cuarto,ERROR: 'Hypothesis' object has no attribute 'strip',,,,,,4.4
NeMo Conformer-CTC-Large (es),038015_1A_preprocessed,24,La cantidad de personas que fuman ha disminuido,ERROR: 'Hypothesis' object has no attribute 'strip',,,,,,4.9
NeMo Conformer-CTC-Large (es),038015_1A_preprocessed,25,Después de llegar a casa del trabajo tomé la cena,ERROR: 'Hypothesis' object has no attribute 'strip',,,,,,5.2
NeMo Conformer-CTC-Large (es),038015_1A_preprocessed,26,El ladrón al que atrapó la policía era famoso,ERROR: 'Hypothesis' object has no attribute 'strip',,,,,,5.1
NeMo Conformer-CTC-Large (es),038015_1A_preprocessed,27,Le pedí a un amigo que me ayudara con la tarea,ERROR: 'Hypothesis' object has no attribute 'strip',,,,,,4.6
NeMo Conformer-CTC-Large (es),038015_1A_preprocessed,28,El examen no fue tan difícil como me habían dicho,ERROR: 'Hypothesis' object has no attribute 'strip',,,,,,3.9
NeMo Conformer-CTC-Large (es),038015_1A_preprocessed,29,¿Serías tan amable de darme el libro que está en la mesa?,ERROR: 'Hypothesis' object has no attribute 'strip',,,,,,5.7
NeMo Conformer-CTC-Large (es),038015_1A_preprocessed,30,Hay mucha gente que no toma nada para el desayuno,ERROR: 'Hypothesis' object has no attribute 'strip',,,,,,3.5
